Issuer Ticker,Issuer Name,Offer Size (M),Sales - 1 Yr Growth,Profit Margin,Return on Assets,Shares Outstanding (M),Offer Price,Offer To 1st Close,Market Cap at Offer (M),Trade Date (US),cusip,Cash Flow per Share,Instit Owner (Shares Held),Filing Term Price Range,Priced Range,Industry Group,Industry Sector,Industry Subgroup,Instit Owner (% Shares Out)
CFG US,Citizens Financial Group Inc,3461.5,1.4,19.3,0.7,559.998,21.5,7.348837376,12040,9/24/14,174610105,4.4,4.33E+08,"23.00
 - 25.00
",Priced Below Range,Banks,Financial,Commer Banks-Eastern US,98.9439
SYF US,Synchrony Financial,2955.36,15,14.4,2.9,833.765,23,0,19176.6,7/31/14,87165B103,24.8,4.14E+08,"23.00
 - 26.00
",Priced Within Range,Diversified Finan Serv,Financial,Finance-Credit Card,106.429
PGRE US,Paramount Group Inc,2636.38,1.9,-6.1,-0.5,211.897,17.5,3.885714293,0,11/19/14,69924R108,1.2,1.74E+08,"16.00
 - 19.00
",Priced Within Range,REITS,Financial,REITS-Office Property,79.5885
IMS US,IMS Health Holdings Inc,1495,,9,1.8,331.892,20,15,6637.84,4/4/14,44970B109,1.4,15400,"18.00
 - 21.00
",Priced Within Range,Software,Technology,Medical Information Sys,0.00467235
GER US,Goldman Sachs MLP Energy and Renaissance Fund,1485,,,,0,20,0,0,9/26/14,38148G206,,3.30E+06,"20.00
 - 20.00
",Priced Within Range,Closed-end Funds,Financial,Closed-end Funds,19.3582
CPPL US,Columbia Pipeline Partners LP,1238.16,-1.1,8.7,0.7,53.8331,23,16.47826004,1238.16,2/6/15,198281107,6.2,,"19.00
 - 21.00
",Priced Above Range,Pipelines,Energy,Pipelines,
9966611D US,Antero Midstream Partners LP,1150,33.1,56.9,17.7,81.941,25,12.11999989,2048.53,11/5/14,03673L103,3.5,38495,"19.00
 - 21.00
",Priced Above Range,Oil&Gas,Energy,Oil Comp-Explor&Prodtn,0.0205493
AXTA US,Axalta Coating Systems Ltd,1121.25,1.7,7.4,5.3,229.069,19.5,6.410256386,4466.85,11/12/14,N.A.,2.6,2.37E+08,"18.00
 - 21.00
",Priced Within Range,Chemicals,Basic Materials,Coatings/Paint,108.623
PE US,Parsley Energy Inc,1063.75,-0.1,9.2,-41.8,87.1275,18.5,20,1611.86,5/23/14,701877102,4.6,,"15.00
 - 18.00
",Priced Above Range,Oil&Gas,Energy,Oil Comp-Explor&Prodtn,
SHLX US,Shell Midstream Partners LP,1058,15.5,100,23.5,73.4751,23,45.86956406,1689.93,10/29/14,822634101,1.5,,"19.00
 - 21.00
",Priced Above Range,Pipelines,Energy,Pipelines,
CTLT US,Catalent Inc,1001.94,2.7,-23.8,-4.1,123.696,20.5,-2.48780489,2535.77,7/31/14,148806102,1.4,5.03E+07,"19.00
 - 22.00
",Priced Within Range,Healthcare-Services,"Consumer, Non-cyclical",Medical Labs&Testing Srv,27.7131
LC US,LendingClub Corp,1000.5,2.2,4.4,0.5,369.812,15,56.20000076,5547.18,12/11/14,52603A208,-23.5,8.98E+07,"12.00
 - 14.00
",Priced Above Range,Diversified Finan Serv,Financial,Finance-Consumer Loans,78.6683
1211087D US,Northstar Corporate Income Inc,1000,,,,0,0,,0, ,N.A.,,, ,,Diversified Finan Serv,Financial,Invest Mgmnt/Advis Serv,
MRD US,Range Resources-Louisiana Inc,935.18,15.9,8.2,-3.4,192.5,19,16.63157845,3657.5,6/13/14,58605Q109,3.2,,"16.00
 - 18.00
",Priced Above Range,Oil&Gas,Energy,Oil Comp-Explor&Prodtn,
UNVR US,Univar Solutions Inc,885.5,20.3,4.7,5,137.934,22,15.45454502,3034.55,6/18/15,91336L107,3.3,3.03E+07,"20.00
 - 22.00
",Priced Within Range,Distribution/Wholesale,"Consumer, Cyclical",Distribution/Wholesale,19.2037
MR US,Montage Resources Corp,818.1,23.1,5,-7.6,160,27,-4.629629612,4320,6/20/14,61179L100,7.6,,"27.00
 - 30.00
",Priced Within Range,Oil&Gas,Energy,Oil Comp-Explor&Prodtn,
THQ US,abrdn Healthcare Opportunities,770,,,,0,20,0,0,7/29/14,879105104,,1.02E+07,"20.00
 - 20.00
",Priced Within Range,Closed-end Funds,Financial,Closed-end Funds,24.5331
LQ US,La Quinta Holdings Inc,747.787,-2.5,15.5,4.6,123.66,17,0.7058823705,2102.22,4/9/14,50420D108,3.1,,"18.00
 - 21.00
",Priced Below Range,Lodging,"Consumer, Cyclical",Hotels&Motels,
SABR US,Sabre Corp,721.28,4.1,-9.2,-5.9,264.555,16,3.125,4232.88,4/17/14,78573M104,0.1,3.81E+08,"18.00
 - 20.00
",Priced Below Range,Leisure Time,"Consumer, Cyclical",Travel Services,98.7863
KRNY US,Kearny Financial Corp/MD,717.5,10.2,-61.6,-0.9,0,10,5.694001675,0,5/19/15,48716P108,0.7,4.55E+07,"10.00
 - 10.00
",Priced Within Range,Banks,Financial,Commer Banks-Eastern US,70.4751
TMX US,Terminix Global Holdings Inc,701.845,4.2,6.1,1.4,133.13,17,5.588235378,2263.21,6/26/14,8.81E+104,2,2.30E+07,"18.00
 - 21.00
",Priced Below Range,Commercial Services,"Consumer, Non-cyclical",Building-Maint&Service,18.9431
2318624D US,Inovalon Holdings Inc,684.85,3.9,3.3,2.6,25.3648,27,0,3900.96,2/12/15,45781D101,0.9,,"24.00
 - 26.00
",Priced Above Range,Software,Technology,Medical Information Sys,
1868549D US,Vantage Energy Inc,635.85,-32.5,37.4,,72.35,0,,0, ,92210C106,,,"24.00
 - 27.00
",,Oil&Gas,Energy,Oil Comp-Explor&Prodtn,
VWR US,VWR Corp,616.533,4.5,3.2,2.9,131.359,21,0.2380952388,2758.54,10/2/14,91843L103,2,,"22.00
 - 25.00
",Priced Below Range,Healthcare-Products,"Consumer, Non-cyclical",Diagnostic Equipment,
CCD US,Calamos Dynamic Convertible & Income Fund,609.486,,,,0,25,0,0,3/27/15,12811V105,,4.20E+06,"25.00
 - 25.00
",Priced Within Range,Closed-end Funds,Financial,Closed-end Funds,15.529
STOR US,STORE Capital Corp,585.062,13.5,-10.9,,115.043,18.5,5.405405521,2051.98,11/18/14,862121100,2.2,7.36E+07,"17.00
 - 19.00
",Priced Within Range,REITS,Financial,REITS-Single Tenant,26.031
TERP US,TerraForm Power Inc,576.87,22.7,-15.8,-1.9,30.7372,25,32.36000061,768.43,7/18/14,88104R209,1.5,,"23.00
 - 25.00
",Priced Within Range,Energy-Alternate Sources,Energy,Energy-Alternate Sources,
PSRT US,Polar Star Realty Trust Inc,565.218,235.9,5,,68.7663,0,,0, ,73102T100,,,"10.00
 - 13.00
",,REITS,Financial,REITS-Diversified,
HIFR US,InfraREIT Inc,529,5.2,30.7,3.1,47.015,23,15.652174,1081.35,1/30/15,45685L100,2.8,,"19.00
 - 21.00
",Priced Above Range,Electric,Utilities,Electric-Distribution,
GDDY US,GoDaddy Inc,520,7.5,20.4,11.8,64.8242,20,30.75,1236.48,4/1/15,380237107,9.1,1.60E+08,"17.00
 - 19.00
",Priced Above Range,Internet,Communications,Web Hosting/Design,112.142
DSE US,Duff & Phelps Select MLP and Midstream Energy Fund Inc,517,,,,0,20,0.05000000075,0,6/26/14,26433F207,,238388,"20.00
 - 20.00
",Priced Within Range,Closed-end Funds,Financial,Closed-end Funds,3.39658
BKFS US,Black Knight Financial Services Inc,507.15,5.2,29.1,4.1,68.0025,24.5,10.65306091,1666.06,5/20/15,09214X100,1.6,886,"22.00
 - 25.00
",Priced Within Range,Commercial Services,"Consumer, Non-cyclical",Commercial Serv-Finance,0.00128706
NXEOU US,Nexeo Solutions Inc,500.25,10.9,0.7,0.8,56.525,10,1.5,565.25,6/6/14,65342H201,1.1,7.64E+06,"10.00
 - 10.00
",Priced Within Range,Distribution/Wholesale,"Consumer, Cyclical",Distribution/Wholesale,8.50919
GPRO US,GoPro Inc,491.28,-20.2,-53.9,-57.2,17.8,24,30.58333397,427.2,6/26/14,38268T103,-0.8,6.81E+07,"21.00
 - 24.00
",Priced Within Range,Electronics,Industrial,Industr Audio&Video Prod,51.9004
RMP US,RM Partners LP,474.375,46.1,60.3,8.9,32.5036,16.5,-1.212121248,474.434,12/17/14,762819100,1.6,312207,"19.00
 - 21.00
",Priced Below Range,Oil&Gas Services,Energy,Oil-Field Services,0.305117
XIFR US,XPLR Infrastructure LP,467.188,14.1,-1.8,-0.1,18.6875,25,28,467.19,6/27/14,65341B106,8.5,5.39E+07,"23.00
 - 25.00
",Priced Within Range,Energy-Alternate Sources,Energy,Energy-Alternate Sources,57.411
SUM US,Summit Materials Inc,459.9,8.5,10.9,2.3,26.581,18,16.5,418.518,3/12/15,86614U100,3.6,1.25E+08,"17.00
 - 19.00
",Priced Within Range,Building Materials,Industrial,Bldg&Construct Prod-Misc,71.0835
ZAYO US,Zayo Group Holdings Inc,457.501,-0.9,5.8,1.8,239.008,19,15.78947353,4541.15,10/17/14,98919V105,3.9,,"21.00
 - 24.00
",Priced Below Range,Telecommunications,Communications,Telephone-Integrated,
0303834D US,Ecovyst Holdings Inc,450,,,,0,0,,0, ,N.A.,,, ,,Chemicals,Basic Materials,Chemicals-Specialty,
BST US,Blackrock Science & Technology Trust,450,,,,0,20,0,0,10/29/14,09258G104,,6.90E+06,"20.00
 - 20.00
",Priced Within Range,Closed-end Funds,Financial,Closed-end Funds,19.86
CNXM US,CNX Midstream Partners LP,442.75,19.1,57,14.3,31.7881,22,38.18181992,641.588,9/25/14,12654A101,3.4,,"19.00
 - 21.00
",Priced Above Range,Pipelines,Energy,Pipelines,
PRTYQ US,Party City Holdco Inc,427.657,-0.0544435,-43.4,-41.3,119.252,17,21.76470566,1971.51,4/16/15,702149105,-1.3,1.90E+07,"15.00
 - 17.00
",Priced Within Range,Retail,"Consumer, Cyclical",Retail-Misc/Diversified,16.7416
1851869D US,Dominion Energy Midstream Partners LP,422.625,8.8,40.6,2.2,34.5978,21,25.76190567,726.554,10/15/14,257454108,2.2,1.34E+08,"19.00
 - 21.00
",Priced Within Range,Pipelines,Energy,Pipelines,105.833
ENXP US,Energy & Exploration Partners Inc,400,,-7.6,,0,0,,0, ,29270R102,,, ,,Oil&Gas,Energy,Oil Comp-Explor&Prodtn,
FMSA US,Fairmount Santrol Holdings Inc,400,79.4,5.6,7.6,159.91,16,0,2558.56,10/3/14,30555Q108,0.6,,"21.00
 - 24.00
",Priced Below Range,Mining,Basic Materials,Diversified Minerals,
9876123D US,Hess Midstream Operations LP,390.931,,,,29.4967,23,11.30434799,678.424,4/5/17,428104103,,23882,"19.00
 - 21.00
",Priced Above Range,Pipelines,Energy,Pipelines,0.0873349
9991110D US,Fortress Transportation and Infrastructure Investors LLC,377.66,24.3,-28.3,-7.3,73.503,17,-2.647058725,1249.55,5/15/15,34960P101,-0.2,6.62E+06,"19.00
 - 21.00
",Priced Below Range,Trucking&Leasing,Industrial,Transport-Equip&Leasng,6.59916
SNC US,State National Cos Inc,368.127,9.1,22.6,1.6,44.2471,11.98,3.82E-06,530.08,11/3/14,85711T305,1.6,, ,,Insurance,Financial,Reinsurance,
W US,Wayfair Inc,366.85,-1.2,-4.1,-14.1,12.65,29,30.06896591,319,10/2/14,94419L101,2.5,1.16E+08,"25.00
 - 28.00
",Priced Above Range,Internet,Communications,E-Commerce/Products,113.167
PBFX US,PBF Logistics LP,363.688,-1.3,43.1,17.1,17.9491,23,20.347826,412.83,5/9/14,69318Q104,2.9,,"19.00
 - 21.00
",Priced Above Range,Pipelines,Energy,Pipelines,
VIRT US,Virtu Financial Inc,361.23,25.4,9.6,1.8,34.3051,19,16.7368412,606.081,4/16/15,928254101,6.8,8.95E+07,"17.00
 - 19.00
",Priced Within Range,Diversified Finan Serv,Financial,Finance-Invest Bnkr/Brkr,103.325
VA US,Virgin America Inc,352.779,2.6,22.2,18.5,42.9381,23,30.43478203,987.576,11/14/14,92765X208,4.5,,"21.00
 - 24.00
",Priced Within Range,Airlines,"Consumer, Cyclical",Airlines,
PRAH US,PRA Health Sciences Inc,351.418,3.8,6.1,5.3,59.8088,18,9,1076.56,11/13/14,69354M108,6.7,,"20.00
 - 23.00
",Priced Below Range,Pharmaceuticals,"Consumer, Non-cyclical",Medical-Drugs,
OEC US,Orion SA,351,-0.8,2.3,2.4,59.6351,18,-1.388888836,1073.43,7/25/14,N.A.,2.1,5.69E+07,"21.00
 - 24.00
",Priced Below Range,Chemicals,Basic Materials,Chemicals-Diversified,100.452
XELAU US,Exela Technologies Inc,350,-1.2,-11.6,-16.5,0,10,0,0,1/16/15,30162V201,0.5,,"10.00
 - 10.00
",Priced Within Range,Software,Technology,Enterprise Software/Serv,
GWB US,Great Western Bancorp Inc,331.2,-0.3,43.4,1.5,60.2861,18,0,0,10/15/14,391416104,4.1,1.01E+07,"21.00
 - 24.00
",Priced Below Range,Banks,Financial,Commer Banks-Western US,18.3538
VSLR US,Vivint Solar Inc,329.6,17.4,-29.9,-3.1,105.303,16,0.0625,0,10/1/14,92854Q106,-2.6,1.16E+07,"16.00
 - 18.00
",Priced Within Range,Energy-Alternate Sources,Energy,Energy-Alternate Sources,9.23826
PFGC US,Performance Food Group Co,316.825,1.7,0.7,2.5,99.6563,19,1.052631617,1893.47,10/1/15,71377A103,7.5,1.87E+08,"22.00
 - 25.00
",Priced Below Range,Food,"Consumer, Non-cyclical",Food-Wholesale/Distrib,119.582
WLKP US,Westlake Chemical Partners LP,310.5,-4.6,5.4,4.7,14.3736,24,28.25,344.97,7/30/14,960417103,13.7,1.27E+07,"19.00
 - 21.00
",Priced Above Range,Chemicals,Basic Materials,Chemicals-Specialty,35.9495
JUNO US,Juno Therapeutics Inc,304.231,40.9,-390.7,-31.4,79.5924,24,45.83333206,1910.22,12/19/14,48205A109,-2.1,310721,"21.00
 - 23.00
",Priced Above Range,Biotechnology,"Consumer, Non-cyclical",Medical-Biomedical/Gene,0.26762
LVVR US,Lightstone Value Plus Real Estate Investment Trust III Inc,300,2.7,-17.5,-4.1,0,0,,0, ,53227L109,0.2,,"10.00
 - 10.00
",,REITS,Financial,REITS-Hotels,
BHBK US,Blue Hills Bancorp Inc,277.725,14.9,27.1,0.9,0,10,23.79999924,0,7/22/14,95573101,1.3,,"10.00
 - 10.00
",Priced Within Range,Banks,Financial,Commer Banks-Eastern US,
TNET US,TriNet Group Inc,276,1.3,3.4,4.4,68.3252,16,19.375,1093.2,3/27/14,896288107,5.5,5.28E+07,"15.00
 - 17.00
",Priced Within Range,Commercial Services,"Consumer, Non-cyclical",Human Resources,109.123
JPEP US,AMID Merger LP,275,-27.4,-6.9,-4.9,18.2135,20,-4.449999809,364.27,10/2/14,46643C109,1.2,,"19.00
 - 21.00
",Priced Within Range,Pipelines,Energy,Pipelines,
ANET US,Arista Networks Inc,259.612,19.5,40.7,23.7,64.3699,43,27.9069767,2767.91,6/6/14,40413205,2.9,9.08E+08,"36.00
 - 40.00
",Priced Above Range,Telecommunications,Communications,Networking Products,72.3125
0943668D US,Prestige Cruises International S de RL,250,14.7,-0.2,,0,0,,0, ,N.A.,13.8,, ,,Leisure Time,"Consumer, Cyclical",Cruise Lines,
PESL US,PES Logistics Partners LP,250,,,,0,0,,0, ,69340D105,,, ,,Oil&Gas,Energy,Oil Comp-Explor&Prodtn,
WMS US,Advanced Drainage Systems Inc,241.6,-6.4,17.7,13.8,52.7482,16,0.9375,843.97,7/25/14,00790R104,9.1,8.49E+07,"17.00
 - 19.00
",Priced Below Range,Metal Fabricate/Hardware,Industrial,Steel Pipe&Tube,109.448
AXARU US,Axar Acquisition Corp,240,1703,-466.5,-0.4,24,10,-2.599999905,240,10/2/14,05455L201,,,"10.00
 - 10.00
",Priced Within Range,Holding Companies-Divers,Diversified,Specified Purpose Acquis,
PTXP US,PennTex Midstream Partners LP,237.89,132.8,-0.2,0.5,20.6445,20,-2.599999905,400,6/4/15,709311104,2.8,542,"19.00
 - 21.00
",Priced Within Range,Pipelines,Energy,Pipelines,0.00261655
TLMR US,Talmer Bancorp Inc,232.556,-3.9,19.9,1.1,69.9431,13,6.153846264,909.26,2/12/14,87482X101,2,,"12.50
 - 14.50
",Priced Within Range,Banks,Financial,Commer Banks-Central US,
ONDK US,On Deck Capital Inc,230,11.7,6.2,-3.5,67.6606,20,39.90000153,1323.21,12/17/14,682163100,3.8,,"16.00
 - 18.00
",Priced Above Range,Diversified Finan Serv,Financial,Finance-Commercial,
EVVAQ US,Enviva Inc,230,7.6,-58.2,-27,13.405,20,7.5,268.1,4/29/15,29415B103,-0.9,5.00E+07,"19.00
 - 21.00
",Priced Within Range,Energy-Alternate Sources,Energy,Energy-Alternate Sources,66.8212
DSG US,Diamond S Shipping Group Inc,224,92.4,6.2,,47.333,0,,0, ,N.A.,,,"14.00
 - 16.00
",,Transportation,Industrial,Transport-Marine,
1317066D US,AgroFresh Solutions Inc,221.5,-2.4,-20.6,-4.6,22.15,10,0,221.5,2/13/14,10157P203,,, ,,Biotechnology,"Consumer, Non-cyclical",Agricultural Biotech,
9990620D US,Grubhub Inc/old,221.426,38.7,-8.5,-7.9,78.3858,26,30.76922989,2038.03,4/4/14,400110102,1.4,,"23.00
 - 25.00
",Priced Above Range,Internet,Communications,E-Commerce/Services,
ARES US,Ares Management Corp,220.199,4.6,9.5,1.8,80.6677,19,-2.105263233,1532.69,5/2/14,03990B101,14,2.05E+08,"21.00
 - 23.00
",Priced Below Range,Diversified Finan Serv,Financial,Invest Mgmnt/Advis Serv,95.1953
PAHC US,Phibro Animal Health Corp,219.858,4,0.2,1.7,16.4626,15,13.33333302,246.94,4/11/14,71742Q106,2.1,2.42E+07,"16.00
 - 18.00
",Priced Below Range,Pharmaceuticals,"Consumer, Non-cyclical",Medical-Drugs,118.999
9990220D US,Trinseo SA,218.5,,,,48.7696,19,6.578947544,926.62,6/12/14,N.A.,,,"17.00
 - 19.00
",Priced Within Range,Miscellaneous Manufactur,Industrial,Rubber/Plastic Products,
1578924D US,Terrapin 3 Acquisition Corp,212.75,,,-0.2,21.275,10,0.1000000015,212.75,7/17/14,88104P203,,,"10.00
 - 10.00
",Priced Within Range,Holding Companies-Divers,Diversified,Specified Purpose Acquis,
DEA US,Easterly Government Properties Inc,207,5.1,6.4,0.6,24.1684,15,3.333333254,362.526,2/6/15,27616P103,1.5,8.78E+07,"14.00
 - 16.00
",Priced Within Range,REITS,Financial,REITS-Office Property,81.3098
CSLT US,Castlight Health Inc,204.24,2.3,-42.3,-5.1,12.765,16,148.75,204.24,3/14/14,14862Q100,-0.036738,2.50E+07,"13.00
 - 15.00
",Priced Above Range,Software,Technology,Medical Information Sys,18.5035
BOX US,Box Inc,201.25,5,22.4,16.8,14.375,14,65.92857361,201.25,1/23/15,10316T104,2.3,1.56E+08,"11.00
 - 13.00
",Priced Above Range,Software,Technology,Computer Software,108.418
2063006D US,Woodside Homes Inc,200,34,7.2,7.9,0,0,,0, ,98024R106,-4.5,, ,,Real Estate,Financial,Real Estate Oper/Develop,
0962666D US,Yorke Capital Corp,200,,,,0,0,,0, ,N.A.,,,"10.00
 - 10.00
",,Investment Companies,Financial,Investment Companies,
DPLO US,Diplomat Pharmacy Inc,199.333,22.4,-5.5,-43.8,51.4487,13,23.23077011,668.833,10/10/14,25456K101,0.4,,"14.00
 - 16.00
",Priced Below Range,Pharmaceuticals,"Consumer, Non-cyclical",Medical-Whsle Drug Dist,
1933924D US,Civitas Solutions Inc,198.9,8.6,0.9,1.3,36.95,17,-2.294117689,628.15,9/17/14,17887R102,2.9,57,"20.00
 - 23.00
",Priced Below Range,Healthcare-Services,"Consumer, Non-cyclical",Medical-Outptnt/Home Med,0.000156995
QUOT US,Quotient Technology Inc,193.2,-44.6,-26.5,-9.5,74.2448,16,87.5,1187.92,3/7/14,749119103,-0.00325444,3.25E+07,"12.00
 - 14.00
",Priced Above Range,Advertising,Communications,Direct Marketing,32.5448
ATEN US,A10 Networks Inc,187.5,3.9,19.1,12.1,59.029,15,8.066666603,885.44,3/21/14,2121101,1.2,7.56E+07,"13.00
 - 15.00
",Priced Within Range,Telecommunications,Communications,Networking Products,102.169
MC US,Moelis & Co,186.875,39.7,11.3,10.6,15.2637,25,4.599999905,381.592,4/16/14,60786M105,5.9,7.63E+07,"26.00
 - 29.00
",Priced Below Range,Diversified Finan Serv,Financial,Finance-Invest Bnkr/Brkr,108.107
SFS US,Smart & Final Stores Inc,185.61,3.7,-2.3,-5.2,73.0743,12,0.08333333582,852.682,9/24/14,83190B101,1.9,,"12.00
 - 14.00
",Priced Within Range,Food,"Consumer, Non-cyclical",Food-Retail,
ONCE US,Spark Therapeutics Inc,185.15,436.4,-121.7,-33.1,24.5404,23,117.391304,540.279,1/30/15,84652J103,-1.8,,"19.00
 - 21.00
",Priced Above Range,Biotechnology,"Consumer, Non-cyclical",Medical-Biomedical/Gene,
SLWD US,Sol-Wind Renewable Power LP,182.7,,,,10.019,0,,0, ,83409U106,,,"19.00
 - 21.00
",,Energy-Alternate Sources,Energy,Energy-Alternate Sources,
FCB US,FCB Financial Holdings Inc,181.28,,37.8,1.2,34.2244,22,-4.818181992,752.94,8/1/14,30255G103,3.8,,"22.00
 - 23.00
",Priced Within Range,Banks,Financial,Commer Banks-Southern US,
FRPT US,Freshpet Inc,179.689,27.1,4.8,3,33.3616,15,27.39999962,500.424,11/7/14,358039105,3.1,6.13E+07,"12.00
 - 14.00
",Priced Above Range,Retail,"Consumer, Cyclical",Retail-Pet Food&Supplies,125.759
AZURQ US,Azure Midstream Partners LP,175,7.8,-275.9,-23,0,0,,0, ,05501X100,0.5,, ,,Oil&Gas Services,Energy,Oil-Field Services,
ESSF US,Etre REIT LLC,172.5,,,,11.5353,0,,0, ,29786J107,,,"15.00
 - 15.00
",,REITS,Financial,REITS-Warehouse/Industr,
2505298D US,Syneos Health Inc,172.5,3.4,4.9,0.8,51.1999,18.5,10.75675678,947.198,11/7/14,87166B102,4.1,1.04E+07,"17.00
 - 20.00
",Priced Within Range,Healthcare-Services,"Consumer, Non-cyclical",Medical Labs&Testing Srv,10.0073
MPG US,Metaldyne Performance Group Inc,171.715,-8.4,3.4,3,67.0733,15,0.7333333492,1006.1,12/12/14,59116R107,4.7,745,"18.00
 - 21.00
",Priced Below Range,Auto Parts&Equipment,"Consumer, Cyclical",Auto/Trk Prts&Equip-Orig,0.00109682
FGEN US,FibroGen Inc,167.67,-79.9,-160.6,-14.9,57.8551,18,22.22222137,1041.39,11/14/14,31572Q808,-1.3,4.29E+07,"16.00
 - 19.00
",Priced Within Range,Biotechnology,"Consumer, Non-cyclical",Medical-Biomedical/Gene,42.5168
OPB US,Opus Bank,163.329,13.6,24.6,-0.4,27.8718,30,-2.233333349,836.15,4/16/14,684000102,2.6,,"31.00
 - 34.00
",Priced Below Range,Banks,Financial,Commer Banks-Western US,
IMC US,International Market Centers Inc,161,8.1,-18.1,,49.6,0,,0, ,45986D104,0.7,,"12.00
 - 14.00
",,REITS,Financial,REITS-Shopping Centers,
BLCM US,Bellicum Pharmaceuticals Inc,160.598,-75.8,-1664.8,-117.3,26.9521,19,25.68420982,491.142,12/18/14,79481404,-0.8,4.31E+06,"15.00
 - 17.00
",Priced Above Range,Biotechnology,"Consumer, Non-cyclical",Medical-Biomedical/Gene,36.4123
NEFF US,Neff Corp,157.143,3.4,2.7,1.9,10.4762,15,-1,157.143,11/21/14,640094207,15.9,,"20.00
 - 22.00
",Priced Below Range,Commercial Services,"Consumer, Non-cyclical",Rental Auto/Equipment,
USDP US,USD Partners LP,155.04,-45.4,-54.8,,10.2135,17,-5.882352829,173.63,10/9/14,903318103,1.1,1190,"19.00
 - 21.00
",Priced Below Range,Transportation,Industrial,Transport-Services,0.00352338
2087031D US,Intrepid Aviation Ltd,150,3.2,11.2,0.9,0,0,,0, ,N.A.,,, ,,Diversified Finan Serv,Financial,Finance-Leasing Compan,
TRVL US,Terryville Mineral & Royalty Partners LP,150,,,,0,0,,0, ,N.A.,,, ,,Oil&Gas,Energy,Oil Comp-Explor&Prodtn,
VNOM US,Viper Energy Inc,149.5,3.9,41.7,7.9,76.95,26,24.42307663,2000.7,6/18/14,927959106,6.6,1.29E+08,"19.00
 - 21.00
",Priced Above Range,Oil&Gas,Energy,Oil-US Royalty Trusts,98.5064
KTWO US,K2M Group Holdings Inc,147.375,9,-14.4,-11.6,37.0859,15,0,556.29,5/8/14,48273J107,-0.3,,"16.00
 - 18.00
",Priced Below Range,Healthcare-Products,"Consumer, Non-cyclical",Medical Products,
KITE US,Kite Pharma Inc,146.625,,16.8,-46.5,37.9916,17,70.58823395,645.86,6/20/14,49803L109,7.2,,"15.00
 - 16.00
",Priced Above Range,Biotechnology,"Consumer, Non-cyclical",Medical-Biomedical/Gene,
HQY US,HealthEquity Inc,146.51,20,8,2.9,50.9611,14,25.7142849,713.46,7/31/14,42226A107,3.9,9.74E+07,"10.00
 - 12.00
",Priced Above Range,Healthcare-Services,"Consumer, Non-cyclical",Medical Labs&Testing Srv,112.549
ARAV US,Aravive Inc,144.9,22.7,-835.3,-144.1,24.164,21,49.38095093,507.44,3/21/14,03890D108,-1.7,1.88E+07,"19.00
 - 21.00
",Priced Within Range,Biotechnology,"Consumer, Non-cyclical",Medical-Biomedical/Gene,25.5762
NVRO US,Nevro Corp,144.9,-3.9,-27.7,-19,24.5931,18,39.94444275,442.676,11/6/14,64157F103,-0.5,3.95E+07,"15.00
 - 17.00
",Priced Above Range,Healthcare-Products,"Consumer, Non-cyclical",Medical Products,102.982
HUBS US,HubSpot Inc,143.75,21,0.1,0.1,31.1118,25,20.39999962,777.795,10/9/14,443573100,11.7,5.21E+07,"22.00
 - 24.00
",Priced Above Range,Software,Technology,Enterprise Software/Serv,102.595
LPG US,Dorian LPG Ltd,139.665,43.8,54.8,8.8,57.1285,19,-1.894736886,1085.44,5/8/14,N.A.,9.6,3.09E+07,"18.00
 - 20.00
",Priced Within Range,Transportation,Industrial,Transport-Marine,72.1782
PCTY US,Paylocity Holding Corp,137.729,19.4,14.7,4.5,49.2876,17,41.41176605,837.89,3/19/14,70438V106,6.8,4.67E+07,"14.00
 - 16.00
",Priced Above Range,Commercial Services,"Consumer, Non-cyclical",Human Resources,83.4939
OPWR US,OPOWER Inc,133.285,15.7,-30.1,-26.9,48.3748,19,21.05263138,919.12,4/4/14,68375Y109,-0.2,,"17.00
 - 19.00
",Priced Within Range,Software,Technology,Enterprise Software/Serv,
TWOUQ US,2U Inc,133.074,-1.7,-33.5,-48.4,40.1915,13,7.538461685,522.49,3/28/14,90214J200,-1.2,516501,"11.00
 - 13.00
",Priced Within Range,Commercial Services,"Consumer, Non-cyclical",Schools,18.0691
NEWR US,New Relic Inc,132.25,17.8,-19.4,-13.1,46.7958,23,47.78260803,1076.3,12/12/14,64829B100,0.8,1.17E+07,"20.00
 - 22.00
",Priced Above Range,Software,Technology,Enterprise Software/Serv,16.4213
SPWH US,Sportsman's Warehouse Holdings Inc,132.05,-7,-2.7,-3.8,41.6252,9.5,2.631578922,395.44,4/17/14,84920Y106,0.9,3.61E+07,"11.00
 - 13.00
",Priced Below Range,Retail,"Consumer, Cyclical",Retail-Sporting Goods,94.1601
TSLX US,Sixth Street Specialty Lending,128.8,10.1,38.6,5.3,52.9377,16,0,847,3/21/14,83012A109,-0.4,6.09E+07,"16.00
 - 17.00
",Priced Within Range,Investment Companies,Financial,Investment Companies,64.7803
ICDIQ US,Independence Contract Drilling Inc,126.5,12.5,-17.9,-18.3,24.355,11,0.5454545617,267.91,8/8/14,453415606,4.3,1.71E+06,"10.00
 - 11.00
",Priced Within Range,Oil&Gas Services,Energy,Oil-Field Services,11.3195
1934798D US,Dermira Inc,125,832.3,-523.2,-50.1,19.3224,16,-2.8125,309.659,10/3/14,24983L104,-5,,"14.00
 - 16.00
",Priced Within Range,Pharmaceuticals,"Consumer, Non-cyclical",Wound/Burn & Skin Care,
ADPTQ US,Adeptus Health Inc,123.97,73,3.6,12.6,9.8397,22,17.04545403,216.47,6/25/14,6855100,1,790,"19.00
 - 22.00
",Priced Within Range,Healthcare-Services,"Consumer, Non-cyclical",Medical-Hospitals,0.00481837
LOCO US,El Pollo Loco Holdings Inc,123.215,0.9,5.4,4.3,36.9298,15,60.20000076,553.95,7/25/14,268603107,1.5,3.35E+07,"13.00
 - 15.00
",Priced Within Range,Retail,"Consumer, Cyclical",Retail-Restaurants,111.367
ZSPH US,ZS Pharma Inc,123.05,,,-60.4,20.6089,18,57.66666794,370.96,6/18/14,98979G105,-4.1,2.20E+07,"15.00
 - 17.00
",Priced Above Range,Pharmaceuticals,"Consumer, Non-cyclical",Medical-Drugs,86.8677
RYI US,Ryerson Holding Corp,121,-9.9,-0.1,-0.3,32.0375,11,-6.363636494,352.41,8/8/14,783754104,6.1,3.15E+07,"11.00
 - 12.00
",Priced Within Range,Metal Fabricate/Hardware,Industrial,Metal Products-Distrib,98.941
SHAK US,Shake Shack Inc,120.75,15.1,0.8,0.6,12.0581,21,118.5714264,253.22,1/30/15,819047101,4.3,4.14E+07,"17.00
 - 19.00
",Priced Above Range,Retail,"Consumer, Cyclical",Retail-Restaurants,103.256
SQBK US,Square 1 Financial Inc,119.669,26,26.5,1,27.6688,18,14.44444466,498.04,3/27/14,85223W101,2.7,,"15.00
 - 17.00
",Priced Above Range,Banks,Financial,Commer Banks-Southern US,
ADVM US,Adverum Biotechnologies Inc,117.3,-72.2,-13092.7,-78,22.2573,17,64.64705658,378.37,7/31/14,00773U207,-4.6,2.04E+07,"16.00
 - 17.00
",Priced Within Range,Biotechnology,"Consumer, Non-cyclical",Medical-Biomedical/Gene,97.6089
MGNI US,Magnite Inc,116.799,7.8,3.4,0.8,35.7393,15,33.93333435,536.09,4/2/14,55955D100,1.6,1.44E+08,"15.00
 - 17.00
",Priced Within Range,Internet,Communications,E-Marketing/Info,102.208
PNTPQ US,Patriot National Inc,116.42,11,-0.3,-0.2,26.3904,14,-3.571428537,355.946,1/16/15,70338T102,0.1,139532,"16.00
 - 18.00
",Priced Below Range,Commercial Services,"Consumer, Non-cyclical",Human Resources,0.519541
QTWO US,Q2 Holdings Inc,116.025,11.5,-5.5,-3,33.114,13,16.69230843,430.48,3/20/14,74736L109,2.2,6.71E+07,"11.00
 - 13.00
",Priced Within Range,Internet,Communications,Web Hosting/Design,110.541
HDP US,Hortonworks Inc,115,41.9,-78.1,-64.1,42.555,16,64.875,680.88,12/12/14,440894103,-0.4,1.96E+06,"12.00
 - 14.00
",Priced Above Range,Software,Technology,Enterprise Software/Serv,2.32403
MOBL US,MobileIron Inc,115,6.2,-23.8,-23.3,76.3155,9,22.44444466,686.84,6/12/14,60739U204,-0.0218781,,"8.00
 - 10.00
",Priced Within Range,Software,Technology,Enterprise Software/Serv,
ZEN US,Zendesk Inc,115,30,-16.7,-11.8,71.8518,9,49.22222137,646.67,5/15/14,98936J101,1.4,15146,"8.00
 - 10.00
",Priced Within Range,Internet,Communications,Internet Applic Sftwr,0.0121911
OTIC US,Otonomy Inc,115,-54.2,-40944.8,-64.3,21.2733,16,7.1875,340.37,8/13/14,68906L105,-0.6,4.81E+06,"14.00
 - 16.00
",Priced Within Range,Biotechnology,"Consumer, Non-cyclical",Medical-Biomedical/Gene,7.01231
HRMNU US,NextDecade Corp,115,,,-1.2,0,10,0,0,3/24/15,413247206,-0.3,,"10.00
 - 10.00
",Priced Within Range,Pipelines,Energy,Pipelines,
AKBA US,Akebia Therapeutics Inc,114.937,-17.7,-43.3,-30,20.147,17,57.02941132,342.5,3/20/14,00972D105,-0.1,5.57E+07,"14.00
 - 17.00
",Priced Within Range,Pharmaceuticals,"Consumer, Non-cyclical",Therapeutics,23.5813
PAYC US,Paycom Software Inc,114.626,11.1,26.6,9.9,50.811,15,2.333333254,762.16,4/15/14,70432V102,9.5,5.43E+07,"18.00
 - 22.00
",Priced Below Range,Software,Technology,Enterprise Software/Serv,93.8862
ICC US,21st Century Oncology Holdings Inc,111.111,6,-12.4,-8.5,27.5233,0,,0, ,90131G107,,49714,"8.00
 - 10.00
",,Healthcare-Services,"Consumer, Non-cyclical",Medical-Outptnt/Home Med,
2557527D US,Amber Road Inc,110.504,7.7,-15.9,-10.5,24.7889,13,30.76922989,322.26,3/21/14,02318Y108,0.1,,"10.50
 - 12.50
",Priced Above Range,Software,Technology,Data Processing/Mgmt,
LRMR US,Larimar Therapeutics Inc,110.4,,,-54.4,22.707,16,23.4375,363.31,6/19/14,517125100,-1.1,6.78E+07,"14.00
 - 16.00
",Priced Within Range,Biotechnology,"Consumer, Non-cyclical",Medical-Biomedical/Gene,105.914
PLAY US,Dave & Buster's Entertainment Inc,108.237,-3.2,2.7,1.5,39.969,16,8,625.386,10/10/14,238337109,7.9,5.05E+07,"16.00
 - 18.00
",Priced Within Range,Retail,"Consumer, Cyclical",Retail-Restaurants,146.185
MDLM US,Medley Management Inc,108,-31.9,-8,-6.3,6,18,-8.888889313,0,9/24/14,58503T205,-0.4,182247,"20.00
 - 22.00
",Priced Below Range,Diversified Finan Serv,Financial,Invest Mgmnt/Advis Serv,5.98479
ELDN US,Eledon Pharmaceuticals Inc,105.3,,,-27.1,22.3817,15,58.40000153,335.726,9/17/14,28617K101,-0.9,4.03E+07,"13.00
 - 15.00
",Priced Within Range,Biotechnology,"Consumer, Non-cyclical",Medical-Biomedical/Gene,67.3545
SAGE US,Sage Therapeutics Inc,103.5,-52.3,-971.4,-56,25.7119,18,67.22222137,462.81,7/18/14,78667J108,-4.4,5.29E+07,"17.00
 - 18.00
",Priced Within Range,Biotechnology,"Consumer, Non-cyclical",Medical-Biomedical/Gene,85.9773
HABT US,Habit Restaurants Inc/The,103.5,15.8,0.7,0.8,8.9944,18,119.6666641,161.899,11/20/14,40449J103,2.1,8.22E+06,"14.00
 - 16.00
",Priced Above Range,Retail,"Consumer, Cyclical",Retail-Restaurants,39.537
ECC US,Eagle Point Credit Co Inc,103.106,,,,13.8114,20,-4.199999809,276.228,10/8/14,269808101,,1.95E+07,"20.00
 - 20.00
",Priced Within Range,Closed-end Funds,Financial,Closed-end Funds,21.0369
CCS US,Century Communities Inc,103.04,19.1,7.5,7.7,21.4526,23,-7.608695507,493.41,6/18/14,156504300,3.9,3.01E+07,"23.00
 - 26.00
",Priced Within Range,Home Builders,"Consumer, Cyclical",Bldg-Residential/Commer,98.2699
FSAM US,Fifth Street Asset Management Inc,102,-14.6,-1.8,-6.5,6,17,-21.35294151,102,10/30/14,31679P109,2.6,57666,"17.00
 - 17.00
",Priced Within Range,Banks,Financial,Fiduciary Banks,0.28361
SLRX US,Salarius Pharmaceuticals Inc,100.99,,,-116,18.7173,16,-6.5625,299.477,1/29/15,79400X404,-4.7,111400,"12.00
 - 14.00
",Priced Above Range,Biotechnology,"Consumer, Non-cyclical",Medical-Biomedical/Gene,5.23673
WK US,Workiva Inc,100.8,17.2,-7.4,-4.2,27.0979,14,-1.785714269,379.371,12/12/14,98139A105,1.5,5.02E+07,"13.00
 - 15.00
",Priced Within Range,Software,Technology,Enterprise Software/Serv,96.7187
ZOES US,Zoe's Kitchen Inc,100.623,13.8,-0.6,-12.6,19.2696,15,64.80000305,289.04,4/11/14,98979J109,1.6,,"13.00
 - 15.00
",Priced Within Range,Retail,"Consumer, Cyclical",Retail-Restaurants,
EVDY US,Everyday Health Inc,100.1,25.8,-5,-6.7,29.678,14,-3.571428537,415.49,3/28/14,300415106,0.6,,"13.00
 - 15.00
",Priced Within Range,Internet,Communications,Internet Content-Info/Ne,
1990344D US,Alcentra Capital Corp,100.001,-13.1,19,2.8,12.7668,15,0.3333333433,191.5,5/9/14,01374T102,5.7,2.69E+06,"15.00
 - 15.00
",Priced Within Range,Investment Companies,Financial,Investment Companies,20.9172
BMET US,LVB Acquisition Inc,100,,,,0,0,,0, ,N.A.,,, ,,Healthcare-Products,"Consumer, Non-cyclical",Medical Instruments,
MPS US,Mercury Payment Systems Inc,100,16.7,17.9,35.4,0,0,,0, ,N.A.,,, ,,Commercial Services,"Consumer, Non-cyclical",Commercial Serv-Finance,
ZSK US,Zoosk Inc,100,,,,0,0,,0, ,98978Y107,,, ,,Internet,Communications,Internet Content-Entmnt,
2001155D US,Enovation Controls Inc,100,16.9,15.6,40.4,0,0,,0, ,N.A.,,, ,,Oil&Gas,Energy,Oil Comp-Explor&Prodtn,
1437746D US,Mammoth Energy Partners LLC,100,,,,0,0,,0, ,N.A.,,, ,,Oil&Gas Services,Energy,Oil-Field Services,
SSLP US,Smart Sand Partners LP,100,284.9,1.5,,0,0,,0, ,83178D103,,, ,,Mining,Basic Materials,Diversified Minerals,
1787568D US,Principal Maritime Tankers Corp,100,48.6,-32.1,,0,0,,0, ,N.A.,,, ,,Transportation,Industrial,Transport-Marine,
BSPCU US,BSP Acquisition Corp,100,,,,10.44,0,,0, ,55730105,,,"10.00
 - 10.00
",,Investment Companies,Financial,Investment Companies,
2209042D US,Good Technology Corp,100,,,,0,0,,0, ,382129104,,, ,,Software,Technology,Applications Software,
RVMIZ US,Reverse Mortgage Investment Trust Inc,100,,,,0,0,,0, ,76150W107,,, ,,Diversified Finan Serv,Financial,Finance-Mtge Loan/Banker,
FNTCU US,CardConnect Corp,100,,-2.7,,13.7333,10,0,0,2/13/15,31809H209,,,"10.00
 - 10.00
",Priced Within Range,Commercial Services,"Consumer, Non-cyclical",Commercial Serv-Finance,
CEBA US,CEBA Midstream LP,100,,,,0,0,,0, ,N.A.,,, ,,Oil&Gas Services,Energy,Oil-Field Services,
1041775D US,TransFirst Inc,100,,,,0,0,,0, ,N.A.,,, ,,Diversified Finan Serv,Financial,Finance-Credit Card,
1034094D US,Pharmamed Inc/IL,100,,,,29.7857,0,,0, ,N.A.,,,"10.00
 - 10.00
",,Real Estate,Financial,Real Estate Oper/Develop,
FND US,Floor & Decor Holdings Inc,100,0.9,4.6,4.2,0,0,,0, ,339750101,5.6,1.29E+08, ,,Retail,"Consumer, Cyclical",Retail-Floor Coverings,119.906
IBP US,Installed Building Products Inc,94.2425,5.8,8.7,12.7,30.6015,11,16.36363602,336.62,2/13/14,45780R101,12.1,2.99E+07,"14.00
 - 16.00
",Priced Below Range,Home Builders,"Consumer, Cyclical",Bldg-Residential/Commer,108.465
CNCE US,Concert Pharmaceuticals Inc,93.0958,312.2,-245.7,-84.3,17.8678,14,1.285714269,250.15,2/13/14,206022105,-1.6,1.09E+07,"14.00
 - 14.00
",Priced Within Range,Pharmaceuticals,"Consumer, Non-cyclical",Medical-Drugs,17.5813
TFIN US,Triumph Financial Inc,92.46,3.2,3.8,0.2,17.5918,12,6.25,211.102,11/7/14,8.97E+304,2.5,2.47E+07,"14.00
 - 16.00
",Priced Below Range,Banks,Financial,Commer Banks-Central US,105.606
BRDR US,Borderfree Inc,92,13.6,-2.4,-3.8,31.23,16,25,499.68,3/21/14,09970L100,0.1,,"14.00
 - 16.00
",Priced Within Range,Commercial Services,"Consumer, Non-cyclical",Commercial Serv-Finance,
BOOT US,Boot Barn Holdings Inc,92,0.5,8.8,9.3,25.6794,16,9.0625,410.87,10/30/14,99406100,7.8,3.79E+07,"14.00
 - 16.00
",Priced Within Range,Retail,"Consumer, Cyclical",Retail-Apparel/Shoe,123.985
CHRS US,Coherus Biosciences Inc,91.85,3.7,10.6,5.2,32.5594,13.5,-6.592592716,432.702,11/6/14,19249H103,-0.1,7.08E+07,"12.00
 - 15.00
",Priced Within Range,Pharmaceuticals,"Consumer, Non-cyclical",Medical-Drugs,61.1119
SKIS US,Peak Resorts Inc,90,40,4.8,0.3,13.9824,9,-5.444444656,125.842,11/21/14,70469L100,2.3,,"9.00
 - 11.00
",Priced Within Range,Leisure Time,"Consumer, Cyclical",Leisure&Rec/Games,
ENTL US,Entellus Medical Inc,89.9997,22.1,-38.2,-16.9,18.3335,17,29.41176414,299.931,1/29/15,29363K105,-1,,"15.00
 - 17.00
",Priced Within Range,Healthcare-Products,"Consumer, Non-cyclical",Medical Instruments,
TRIV US,TriVascular Technologies Inc,89.7,63,-180.4,-61.8,20.3042,12,14.91666698,243.65,4/16/14,89685A102,-3.6,,"13.00
 - 15.00
",Priced Below Range,Healthcare-Products,"Consumer, Non-cyclical",Medical Products,
IMPR US,Imprivata Inc,86.25,22.8,-19.3,-21.2,23.5659,15,8.333333015,353.49,6/25/14,45323J103,-0.2,,"14.00
 - 16.00
",Priced Within Range,Computers,Technology,Computer Data Security,
LOB US,Live Oak Bancshares Inc,86.25,17,15.5,0.6,0,0,,0, ,53803X105,11.9,3.28E+07, ,,Banks,Financial,Commer Banks-Southern US,72.0586
1918511D US,Aerohive Networks Inc,86.25,0.8,-11.8,-16.6,44.7316,10,0,447.32,3/28/14,7786106,0.2,,"9.00
 - 11.00
",Priced Within Range,Telecommunications,Communications,Telecommunication Equip,
1536064D US,Rhythm Holding Co LLC,86.25,,,,0,0,,0, ,N.A.,,, ,,Biotechnology,"Consumer, Non-cyclical",Medical-Biomedical/Gene,
KLTN US,Kolltan Pharmaceuticals Inc,86.25,,,,0,0,,0, ,50044Q105,-0.9,7.94E+06, ,,Pharmaceuticals,"Consumer, Non-cyclical",Medical-Drugs,17.0167
SIENQ US,Sientra Inc,86.25,12.2,-80.9,-38.9,14.9023,15,11.66666698,223.535,10/29/14,82621J204,-4.8,1.60E+06,"14.00
 - 16.00
",Priced Within Range,Healthcare-Products,"Consumer, Non-cyclical",Medical Products,13.421
PRTN US,ProteinSimple,86.25,26.7,1.9,,0,0,,0, ,74370J105,0.8,, ,,Healthcare-Products,"Consumer, Non-cyclical",Medical Products,
ULTH US,Ulthera Inc,86.25,38.4,14.3,33.5,0,0,,0, ,N.A.,0.8,, ,,Healthcare-Products,"Consumer, Non-cyclical",Medical Imaging Systems,
AACH US,AAC Holdings Inc,86.25,-6.8,-20,-19.8,20.9233,15,23.33333397,313.849,10/2/14,307108,-1.2,1.29E+06,"12.00
 - 14.00
",Priced Above Range,Healthcare-Services,"Consumer, Non-cyclical",Phys Therapy/Rehab Cntrs,5.13697
YDLE US,Yodlee Inc,84.1284,26.9,-7.8,-16.7,29.0807,12,12,348.968,10/3/14,98600P201,0.1,,"11.00
 - 13.00
",Priced Within Range,Internet,Communications,Internet Applic Sftwr,
AKAOQ US,Achaogen Inc,82.8,-21.9,-2136.9,-133.5,17.6806,12,19.16666603,212.17,3/12/14,4449104,-3.6,85000,"12.00
 - 14.00
",Priced Within Range,Pharmaceuticals,"Consumer, Non-cyclical",Medical-Drugs,0.133062
ASPN US,Aspen Aerogels Inc,82.5,89.6,2.9,1.6,23,11,-2.272727251,253,6/13/14,04523Y105,0.5,8.15E+07,"14.00
 - 16.00
",Priced Below Range,Building Materials,Industrial,Bldg&Construct Prod-Misc,99.3073
TRUP US,Trupanion Inc,81.938,15.9,-0.7,-1.2,27.6278,10,14,265.59,7/18/14,898202106,1.1,4.50E+07,"13.00
 - 15.00
",Priced Below Range,Insurance,Financial,Life/Health Insurance,106.023
GNBC US,Green Bancorp Inc,80.859,,21.3,1,26.1709,15,13.66666698,392.563,8/8/14,39260X100,2.4,3.74E+07,"15.00
 - 17.00
",Priced Within Range,Banks,Financial,Commer Banks-Southern US,100
FIVN US,Five9 Inc,80.5,14.4,-1.2,-0.7,47.5475,7,9.142857552,332.83,4/4/14,338307101,1.9,9.38E+07,"9.00
 - 11.00
",Priced Below Range,Software,Technology,Applications Software,123.045
TRUE US,TrueCar Inc,80.4717,10.6,-17.6,-17,72.2046,9,11.77777767,649.84,5/16/14,89785L107,0.0854158,6.87E+07,"12.00
 - 14.00
",Priced Below Range,Internet,Communications,E-Commerce/Services,78.4483
CVTS US,Civitas Therapeutics Inc,80,-90,-53673.5,,24.2141,0,,0, ,17887L105,-15.2,,"14.00
 - 16.00
",,Biotechnology,"Consumer, Non-cyclical",Medical-Biomedical/Gene,
CALA US,Calithera Biosciences Inc,80,,,-84.8,17.8816,10,-5.900000095,178.816,10/2/14,13089P507,-1.8,914132,"13.00
 - 15.00
",Priced Below Range,Biotechnology,"Consumer, Non-cyclical",Medical-Biomedical/Gene,18.7611
HDRAU US,Inspired Entertainment Inc,80,-7.9,21.8,16.5,10,10,-0.6999999881,100,10/24/14,448740209,1.1,,"10.00
 - 10.00
",Priced Within Range,Software,Technology,Entertainment Software,
ALDR US,Alder Biopharmaceuticals Inc,80,,,-62.7,29.0528,10,0.3000000119,290.53,5/8/14,14339105,-3.6,,"13.00
 - 15.00
",Priced Below Range,Biotechnology,"Consumer, Non-cyclical",Medical-Biomedical/Gene,
LOXO US,Loxo Oncology Inc,76.7455,,-698.9,-11.7,16.583,13,0,207.23,8/1/14,548862101,3.8,,"12.00
 - 14.00
",Priced Within Range,Biotechnology,"Consumer, Non-cyclical",Medical-Biomedical/Gene,
HRTG US,Heritage Insurance Holdings Inc,75.9,11,7.5,2.6,30.0967,11,4.545454502,331.064,5/23/14,42727J102,2.8,1.96E+07,"14.00
 - 16.00
",Priced Below Range,Insurance,Financial,Property/Casualty Ins,45.7408
AMBX US,Ambrx Inc,75.6,-61.6,-100,,17.171,0,,0,6/30/14,02337M101,3.3,,"12.00
 - 14.00
",,Biotechnology,"Consumer, Non-cyclical",Medical-Biomedical/Gene,
2482033D US,Lumena Pharmaceuticals Inc,75,,,,0,0,,0, ,55024W105,-12.1,, ,,Biotechnology,"Consumer, Non-cyclical",Medical-Biomedical/Gene,
VMET US,Viamet Pharmaceuticals Holdings LLC,75,242.9,-4811.3,,0,0,,0, ,N.A.,-123.3,, ,,Pharmaceuticals,"Consumer, Non-cyclical",Medical-Drugs,
DNCE US,Dance Biopharm Inc,75,,-2836,,0,0,,0, ,N.A.,-0.5,, ,,Biotechnology,"Consumer, Non-cyclical",Medical-Biomedical/Gene,
JAX US,J Alexander's Holdings Inc,75,-25.8,-12.2,3.1,0,0,,0, ,46609J106,0.4,614087, ,,Retail,"Consumer, Cyclical",Retail-Restaurants,4.07222
1495029D US,VeriSilicon Holdings Co Ltd,75,29.5,-10.1,-22.9,0,0,,0, ,N.A.,0.5,, ,,Semiconductors,Technology,Electronic Compo-Semicon,
YO US,Yodle Inc,75,,,,0,0,,0, ,N.A.,,, ,,Internet,Communications,E-Marketing/Info,
KALV US,KalVista Pharmaceuticals Inc,74.75,,,-90.2,26.197,5,11.19999981,130.985,4/9/15,483497103,-2.4,5.19E+07,"5.00
 - 5.00
",Priced Within Range,Pharmaceuticals,"Consumer, Non-cyclical",Medical-Drugs,104.429
FLXN US,Flexion Therapeutics Inc,74.75,17.2,-132.9,-41.8,15.4961,13,13.15384579,201.45,2/12/14,33938J106,-1.5,6526,"12.00
 - 14.00
",Priced Within Range,Pharmaceuticals,"Consumer, Non-cyclical",Therapeutics,0.0129686
OCUL US,Ocular Therapeutix Inc,74.75,9,-303.6,-54.5,21.3195,13,1.153846145,277.15,7/25/14,67576A100,-0.8,1.16E+08,"14.00
 - 16.00
",Priced Below Range,Pharmaceuticals,"Consumer, Non-cyclical",Medical-Drugs,72.9858
RPT US,Rithm Property Trust Inc,74.4776,8.3,-164.1,-7.9,15.207,14.25,-1.754385948,213.472,2/13/15,38983D300,0.00721474,3.36E+07,"15.00
 - 17.00
",Priced Below Range,REITS,Financial,REITS-Mortgage,70.7182
LNTH US,Lantheus Holdings Inc,73.539,18.3,20.3,17.2,27.8453,6,12.83333302,167.072,6/25/15,516544103,7.8,8.97E+07,"8.50
 - 10.50
",Priced Below Range,Healthcare-Products,"Consumer, Non-cyclical",Medical Imaging Systems,130.795
TARA US,Protara Therapeutics Inc,70.265,,,-34.2,15.9104,10,0.3000000119,149.939,10/22/14,74365U107,-1.7,3.32E+07,"12.00
 - 14.00
",Priced Below Range,Biotechnology,"Consumer, Non-cyclical",Medical-Biomedical/Gene,90.1647
0966599D US,K2 Design & Strategy Inc,70,,,,29.4786,0,,0, ,N.A.,,,"7.00
 - 7.00
",,Software,Technology,Enterprise Software/Serv,
ARDX US,Ardelyx Inc,69.0046,168,-11.7,-10.6,18.5291,14,0.7857142687,259.41,6/19/14,39697107,-0.1,1.59E+08,"13.00
 - 15.00
",Priced Within Range,Biotechnology,"Consumer, Non-cyclical",Medical-Biomedical/Gene,66.8761
MEVI US,Mevion Medical Systems Inc,69,,,,0,0,,0, ,N.A.,,, ,,Healthcare-Services,"Consumer, Non-cyclical",Phys Therapy/Rehab Cntrs,
XGN US,Exagen Inc,69,5.8,-27.1,-29.7,0,0,,0, ,30068X103,-0.7,1.18E+07, ,,Biotechnology,"Consumer, Non-cyclical",Medical-Biomedical/Gene,65.7525
1273462D US,Tobira Development Inc,69,,,,0,0,,0, ,N.A.,-60.9,, ,,Biotechnology,"Consumer, Non-cyclical",Medical-Biomedical/Gene,
RADB US,Radius Bancorp Inc,68.75,,9.3,,5.5434,0,,0, ,75046J106,0.1,,"11.75
 - 13.75
",,Banks,Financial,Commer Banks-Eastern US,
DARE US,Dare Bioscience Inc,66.9879,N/A,-41427.8,-16.7,20.08,7,-2.142857075,140.56,4/10/14,23666P200,-5.3,818340,"11.00
 - 13.00
",Priced Below Range,Pharmaceuticals,"Consumer, Non-cyclical",Medical-Drugs,9.24638
TTOO US,T2 Biosystems Inc,65.78,-67.7,-696.1,-140,19.977,11,30.18181801,219.75,8/7/14,89853L302,-18.4,9.27E+06,"15.00
 - 17.00
",Priced Below Range,Healthcare-Products,"Consumer, Non-cyclical",Medical Products,33.0661
ENFC US,Entegra Financial Corp,65.464,,25.1,0.8,0,10,32.79999924,0,10/1/14,29363J108,1.4,,"10.00
 - 10.00
",Priced Within Range,Savings&Loans,Financial,S&L/Thrifts-Southern US,
EVFM US,Evofem Biosciences Inc,65.1,6.2,-45.7,-51.6,13.6201,14,-14.28571415,190.681,11/20/14,30048L302,-0.0516652,102799,"13.00
 - 15.00
",Priced Within Range,Pharmaceuticals,"Consumer, Non-cyclical",Medical-Whsle Drug Dist,0.102462
OCGN US,Ocugen Inc,65.0001,-32.8,-1333,-73.5,10.7956,11,6.818181992,118.752,12/3/14,67577C105,-0.1,7.51E+07,"13.00
 - 15.00
",Priced Below Range,Pharmaceuticals,"Consumer, Non-cyclical",Therapeutics,25.7321
AVGR US,Avinger Inc,65,-7.5,-239.4,-118.3,10.2298,13,3.846153736,132.987,1/30/15,53734877,-18.3,498349,"12.00
 - 14.00
",Priced Within Range,Healthcare-Products,"Consumer, Non-cyclical",Medical Instruments,15.0585
IMDZ US,Immune Design Corp,64.9272,-69.4,-2493.5,-42.9,16.1795,12,0.4166666567,189.23,7/24/14,45252L103,-1,78928,"12.00
 - 14.00
",Priced Within Range,Pharmaceuticals,"Consumer, Non-cyclical",Medical-Drugs,0.163192
IDGX US,AltheaDx Inc,64.61,6.2,-55.2,,12.372,0,,0, ,21477104,-5.9,,"12.00
 - 14.00
",,Healthcare-Services,"Consumer, Non-cyclical",Medical Labs&Testing Srv,
SNDX US,Syndax Pharmaceuticals Inc,64.5,,-1346.1,-47.6,12.1807,0,,0, ,87164F105,-3.2,9.62E+07,"13.00
 - 15.00
",,Biotechnology,"Consumer, Non-cyclical",Medical-Biomedical/Gene,111.751
AMPH US,Amphastar Pharmaceuticals Inc,64.4,13.5,21.7,10.3,44.6059,7,25,312.24,6/25/14,03209R103,4.4,3.71E+07,"10.00
 - 12.00
",Priced Below Range,Pharmaceuticals,"Consumer, Non-cyclical",Medical-Drugs,78.0008
1917559D US,Papa Murphy's Holdings Inc,63.8,-14.8,3.4,1.8,16.9657,11,0.4545454681,186.62,5/2/14,698814100,0.6,1.64E+06,"11.00
 - 13.00
",Priced Within Range,Retail,"Consumer, Cyclical",Retail-Restaurants,9.64189
VTAE US,Vitae Pharmaceuticals LLC,63.2504,-93.3,-7587.4,-55.2,18.4027,8,-4.875,147.222,9/24/14,92847N103,-1.7,,"11.00
 - 13.00
",Priced Below Range,Pharmaceuticals,"Consumer, Non-cyclical",Pharmacy Services,
XENT US,Intersect ENT Inc,63.25,32.5,-149.5,N/A,23.2518,11,17.45454597,255.77,7/24/14,46071F103,-1.7,2.64E+06,"11.00
 - 13.00
",Priced Within Range,Healthcare-Products,"Consumer, Non-cyclical",Medical Products,7.80255
ATRA US,Atara Biotherapeutics Inc,63.25,1404,-66.2,-62.2,20.1531,11,-3.181818247,213.434,10/16/14,46513206,-9.1,3.74E+06,"14.00
 - 16.00
",Priced Below Range,Biotechnology,"Consumer, Non-cyclical",Medical-Biomedical/Gene,63.8232
AROS US,Ariosa Diagnostics Inc,63,342.8,-4.5,,17.251,0,,0, ,04039T103,-1.5,,"16.00
 - 18.00
",,Healthcare-Products,"Consumer, Non-cyclical",Diagnostic Equipment,
SCYX US,SCYNEXIS Inc,62,-97.3,-568.2,-19.4,8.4526,10,-10,84.53,5/2/14,811292200,-0.4,2.32E+07,"10.00
 - 10.00
",Priced Within Range,Pharmaceuticals,"Consumer, Non-cyclical",Medical-Drugs,59.5756
PRMF US,Poliwogg Regenerative Medicine Fund Inc,60,,,,0,0,,0, ,73112G106,,,"20.00
 - 20.00
",,Investment Companies,Financial,Investment Companies,
1545153D US,Rimini Street Inc/NV,60,,,,0,0,,0, ,N.A.,,, ,,Software,Technology,Computer Software,
ROKA US,Sorrento Tech Inc,60,21,-425.1,-73.1,17.632,12,0,211.58,7/17/14,83587V108,-10.3,3741,"14.00
 - 16.00
",Priced Below Range,Biotechnology,"Consumer, Non-cyclical",Medical-Biomedical/Gene,0.0747321
REDX US,Infraredx Inc,60,,,,14.2451,0,,0, ,456831106,,1.10E+06,"13.00
 - 15.00
",,Healthcare-Products,"Consumer, Non-cyclical",Medical Imaging Systems,7.70091
PLYM US,Plymouth Industrial REIT Inc,58.14,-0.7,70.2,9.9,3.7867,19,-3.210526228,71.9473,6/9/17,729640102,2.1,5.31E+07,"19.00
 - 21.00
",Priced Within Range,REITS,Financial,REITS-Warehouse/Industr,116.62
AGTC US,Applied Genetic Technologies Corp/DE,57.5004,-35,-21213.2,-83.7,14.0208,12,23,168.25,3/27/14,03820J100,-1.4,,"13.00
 - 15.00
",Priced Below Range,Biotechnology,"Consumer, Non-cyclical",Medical-Biomedical/Gene,
SFBS US,ServisFirst Bancshares Inc,56.875,16.3,47.1,1.3,8.1748,91,-6.593406677,743.91,5/14/14,81768T108,4.6,4.32E+07,"91.00
 - 93.00
",Priced Within Range,Banks,Financial,Commer Banks-Southern US,79.2093
AGRX US,Agile Therapeutics Inc,55.0002,80,-73.8,-115.1,18.5921,6,-7.666666508,111.55,5/23/14,00847L308,-4.4,428400,"6.00
 - 6.00
",Priced Within Range,Pharmaceuticals,"Consumer, Non-cyclical",Medical-Drugs,6.20466
VIA US,Via Renewables Inc,54,-8.3,7,8.7,3,18,-0.722222209,54,7/29/14,92556D304,15.3,419355,"19.00
 - 21.00
",Priced Below Range,Electric,Utilities,Electric-Distribution,12.9723
RBIO US,rEVO Biologics Inc,54,84.6,-35.5,-37.4,0,0,,0, ,76155H105,-3.83E-05,,"13.00
 - 15.00
",,Pharmaceuticals,"Consumer, Non-cyclical",Medical-Drugs,
NSIG US,NeuroSigma Inc,53.565,,-16153.9,,12.634,0,,0, ,64129W101,-0.3,,"13.00
 - 15.00
",,Biotechnology,"Consumer, Non-cyclical",Medical-Biomedical/Gene,
FFWM US,First Foundation Inc,53.328,-12.5,-79.1,-0.7,9.95574,0,,0, ,32026V104,-0.1,6.30E+07,"21.00
 - 24.00
",,Banks,Financial,Commer Banks-Western US,76.4811
FPI US,Farmland Partners Inc,53.2,1.3,102.8,6.3,4.0143,14,-7.285714149,56.2,4/11/14,31154R109,0.3,3.05E+07,"14.00
 - 16.00
",Priced Within Range,REITS,Financial,REITS-Diversified,66.2103
NGNE US,Neurogene Inc,53.13,,-8123.6,-26.9,10.6753,11,8.636363983,117.43,3/7/14,64135M105,-4,1.65E+07,"10.00
 - 12.00
",Priced Within Range,Pharmaceuticals,"Consumer, Non-cyclical",Medical-Drugs,110.388
CNXR US,Connecture Inc,53.08,-6.2,-20.2,-18.7,21.6806,8,10,173.445,12/12/14,20786J106,-0.6,,"12.00
 - 14.00
",Priced Below Range,Software,Technology,Medical Information Sys,
1488202D US,Asante Solutions Inc,52.5,,-7628,,11.9498,0,,0, ,04342B104,,,"13.00
 - 15.00
",,Healthcare-Products,"Consumer, Non-cyclical",Disposable Medical Prod,
LMRK US,Landmark Infrastructure Partners LP,52.25,9.5,49.4,2.2,4.8027,19,0.4736842215,89.3513,11/14/14,51508J108,1.6,,"19.00
 - 21.00
",Priced Within Range,Real Estate,Financial,Real Estate Oper/Develop,
CORI US,Corium International Inc,52,-3.5,-149.9,-54.5,17.6174,8,0,140.94,4/3/14,21887L107,-1.2,90611,"10.00
 - 12.00
",Priced Below Range,Pharmaceuticals,"Consumer, Non-cyclical",Medical-Drugs,0.248128
HTGMQ US,HTG Molecular Diagnostics Inc,51.2512,,-76.5,-50.6,6.8254,14,-1.642857194,95.5556,5/6/15,40434H302,-86.1,261818,"13.00
 - 15.00
",Priced Within Range,Biotechnology,"Consumer, Non-cyclical",Medical-Biomedical/Gene,11.8243
ZSANQ US,Zosano Pharma Corp,50.71,250.4,-3812.1,-119.7,11.9261,11,0.09090909362,131.187,1/27/15,98979H301,-8.6,265032,"10.00
 - 12.00
",Priced Within Range,Pharmaceuticals,"Consumer, Non-cyclical",Medical-Drugs,5.40632
TUBE US,TubeMogul Inc,50.3125,58.1,-7.6,-10,29.6235,7,64.2857132,207.36,7/18/14,898570106,-0.6,,"7.00
 - 8.00
",Priced Within Range,Software,Technology,Enterprise Software/Serv,
PFNX US,Pfenex Inc,50,238.7,2.1,-10.8,19.2339,6,-11.66666698,115.4,7/24/14,717071104,-0.1,,"8.00
 - 8.00
",Priced Below Range,Biotechnology,"Consumer, Non-cyclical",Medical-Biomedical/Gene,
VBAY US,Virobay Inc,50,-12.6,-28.8,,0,0,,0, ,92823J100,-38.9,, ,,Biotechnology,"Consumer, Non-cyclical",Medical-Biomedical/Gene,
MBVC US,mBloom Business Development Co LLC,50,,,,0,0,,0, ,N.A.,,, ,,Investment Companies,Financial,Investment Companies,
1087240D US,Dinoco Inc,50,,,,0,0,,0, ,N.A.,,,"0.25
 - 0.25
",,Oil&Gas,Energy,Oil Comp-Explor&Prodtn,
1083525D US,OneMain Financial Holdings LLC,50,,,,0,0,,0, ,N.A.,,, ,,Diversified Finan Serv,Financial,Finance-Consumer Loans,
TAG US,Taggares Agriculture Corp,49,,,,8.2362,0,,0, ,87377X109,,,"6.00
 - 7.00
",,Agriculture,"Consumer, Non-cyclical",Agricultural Operations,
AGMX US,AutoGenomics Inc,48.75,-1.7,-39.1,,10.2628,0,,0, ,05277R105,-0.5,,"11.00
 - 13.00
",,Healthcare-Products,"Consumer, Non-cyclical",Diagnostic Equipment,
ADMS US,Adamas Pharmaceuticals Inc,48,36.2,-77,-45.3,16.423,16,-12.4375,262.77,4/10/14,00548A106,-1.7,2.44E+06,"16.00
 - 18.00
",Priced Within Range,Pharmaceuticals,"Consumer, Non-cyclical",Medical-Drugs,5.33309
BNK US,C1 Financial Inc,46.9438,21.5,18.4,0.9,16.1002,17,0,271.5,8/14/14,12591N109,0.9,1.61E+07,"18.00
 - 20.00
",Priced Below Range,Banks,Financial,Commer Banks-Southern US,100
UPLD US,Upland Software Inc,46.1544,-7.7,-41,-16.1,14.3357,12,-18.75,172.028,11/6/14,91544A109,0.8,2.02E+07,"12.00
 - 14.00
",Priced Within Range,Software,Technology,Computer Software,71.563
MRNS US,Marinus Pharmaceuticals Inc,46.064,21.6,-456.3,-106.2,13.9122,8,0,111.3,7/31/14,56854Q200,-2.2,4.03E+07,"12.00
 - 14.00
",Priced Below Range,Pharmaceuticals,"Consumer, Non-cyclical",Medical-Drugs,72.9352
TFSCU US,Limbach Holdings Inc,46,0.4,5.9,9.4,0,10,0.3000000119,0,7/16/14,68245V202,,,"10.00
 - 10.00
",Priced Within Range,Engineering&Construction,Industrial,Building&Construct-Misc,
ISTR US,Investar Holding Corp,45.9942,13.1,24.1,0.7,7.2303,14,1.428571463,101.22,7/1/14,46134L105,1.6,6.92E+06,"15.00
 - 17.00
",Priced Below Range,Banks,Financial,Commer Banks-Southern US,70.4994
NYX CN,NYX Gaming Group Ltd,44.0437,213,-35.3,-11.4,33.7995,3.5,7.142857075,0, ,N.A.,0.0339731,384300, ,,Toys/Games/Hobbies,"Consumer, Cyclical",Toys,0.355081
1916418D US,Barington/Hilco Acquisition Corp,42.931,,,-9.4,0,10,-0.1000000015,0,2/6/15,06759V200,-0.1,,"10.00
 - 10.00
",Priced Within Range,Holding Companies-Divers,Diversified,Specified Purpose Acquis,
BEVB US,Beverly Financial Inc,42.55,-4.7,12,,0,0,,0, ,N.A.,,,"10.00
 - 10.00
",,Banks,Financial,Commer Banks-Eastern US,
452100Z US,Sunshine Bank,42.32,,,,0,0,,0, ,N.A.,,2108.05,"10.00
 - 10.00
",,Savings&Loans,Financial,S&L/Thrifts-Southern US,0.00207967
CDNA US,CareDx Inc,42.2,19,15.7,12.9,10.7243,10,-9.5,107.24,7/17/14,14167L103,0.7,5.42E+07,"15.00
 - 17.00
",Priced Below Range,Healthcare-Products,"Consumer, Non-cyclical",Patient Monitoring Equip,97.7105
OACCF US,Origo Acquisition Corp,42,,,,0,10,0,0,12/12/14,N.A.,,640308,"10.00
 - 10.00
",Priced Within Range,Holding Companies-Divers,Diversified,Specified Purpose Acquis,21.714
LENSF US,Presbia PLC,41.667,50,-40071.4,-113.9,13.333,10,-18.5,133.33,1/29/15,N.A.,-0.9,,"11.00
 - 13.00
",Priced Below Range,Healthcare-Products,"Consumer, Non-cyclical",Medical Products,
CFRXU US,ContraFect Corp,41.2818,,,-150.1,6.8803,6,7.5,41.28,7/29/14,212326201,,,"5.00
 - 6.00
",Priced Within Range,Biotechnology,"Consumer, Non-cyclical",Medical-Biomedical/Gene,
SMACU US,Sino Mercury Acquisition Corp,40.81,,,,5.291,10,0.3000000119,52.91,8/27/14,82936K201,,,"10.00
 - 10.00
",Priced Within Range,Investment Companies,Financial,Capital Pools,
RCKT US,Rocket Pharmaceuticals Inc,40.002,,,-47.3,15.8775,6,0,95.265,2/18/15,77313F106,-2.2,1.18E+08,"6.00
 - 6.00
",Priced Within Range,Biotechnology,"Consumer, Non-cyclical",Medical-Biomedical/Gene,110.7
1624516D US,EndoStim Inc,38.4,803.8,-2497.1,,8.3526,0,,0, ,29272M101,-18.2,,"10.00
 - 12.00
",,Healthcare-Products,"Consumer, Non-cyclical",Medical Instruments,
PLXPQ US,PLx Pharma Inc,37.944,26873.3,-561.9,-44.1,8.5374,12,17,102.45,3/13/14,72942A107,-11.4,6.26E+06,"12.00
 - 14.00
",Priced Within Range,Pharmaceuticals,"Consumer, Non-cyclical",Medical-Drugs,21.4815
SBCP US,Sunshine Bancorp Inc,36.8,78.9,-0.1,0.6,0,0,,0,7/15/14,86777J108,-0.4,26989,"10.00
 - 10.00
",,Banks,Financial,Commer Banks-Eastern US,0.336255
VANI US,Vivani Medical Inc,36.225,,,-53.7,35.1506,9,121.8888855,311.63,11/19/14,92854B109,-0.3,5.24E+06,"9.00
 - 9.00
",Priced Within Range,Healthcare-Products,"Consumer, Non-cyclical",Medical Products,8.85135
TCON US,Tracon Pharmaceuticals Inc,36,,-29.7,53,12.0928,10,-6,120.928,1/30/15,89237H308,2.2,229687,"12.00
 - 14.00
",Priced Below Range,Pharmaceuticals,"Consumer, Non-cyclical",Medical-Generic Drugs,6.74043
VBTX US,Veritex Holdings Inc,35.1,6.9,25.1,0.8,9.0588,13,7.307692528,117.764,10/9/14,923451108,2.5,5.81E+07,"12.00
 - 14.00
",Priced Within Range,Banks,Financial,Commer Banks-Southern US,106.598
SDTI US,Sidoti & Co LLC,34.5,1.7,2.7,,6.9153,0,,0, ,N.A.,,,"8.50
 - 11.50
",,Diversified Finan Serv,Financial,Finance-Invest Bnkr/Brkr,
KNMD US,KineMed Inc,33.75,32.5,-78.1,,16.2521,0,,0, ,49459P107,-3.6,,"6.50
 - 7.50
",,Commercial Services,"Consumer, Non-cyclical",Research&Development,
NERV US,Minerva Neurosciences Inc,33.693,,,3,18.439,6,0.8333333135,110.634,7/1/14,603380205,-2.5,2.67E+06,"6.00
 - 6.00
",Priced Within Range,Pharmaceuticals,"Consumer, Non-cyclical",Medical-Drugs,38.2318
ELTX US,Elicio Therapeutics Inc,32.7273,,,,6.64521,0,,0, ,28657F103,-3,7.75E+06,"10.00
 - 12.00
",,Biotechnology,"Consumer, Non-cyclical",Medical-Biomedical/Gene,48.5995
SDPI US,Superior Drilling Products Inc,31.05,9.8,35.4,17.9,16.2791,4,12.25,65.12,5/23/14,868153107,0.1,1.04E+06,"5.00
 - 7.00
",Priced Below Range,Oil&Gas Services,Energy,Oil Field Mach&Equip,3.42528
0932218D US,NCM Financial Inc,30.3687,,,,471.525,0,,0, ,N.A.,,,"0.25
 - 0.25
",,Diversified Finan Serv,Financial,Invest Mgmnt/Advis Serv,
0949740D US,IIM Global Corp,30.3444,,,-140.7,160.623,0,,0, ,N.A.,-9.77E-05,,"0.60
 - 0.60
",,Electronics,Industrial,Identification Sys/Dev,
MCLB US,MicroLin Bio Inc/Old,30.25,,,,10.25,0,,0, ,59508J101,,,"4.50
 - 5.50
",,Healthcare-Products,"Consumer, Non-cyclical",Diagnostic Equipment,
0983804D US,Midstate Bancorp Inc,29.9,-5.4,19.3,,0,0,,0, ,N.A.,,,"10.00
 - 10.00
",,Banks,Financial,Commer Banks-Eastern US,
VYRX US,Vyrix Pharmaceuticals Inc,28.75,,,,0,0,,0, ,N.A.,,, ,,Pharmaceuticals,"Consumer, Non-cyclical",Medical-Drugs,
WATT US,Energous Corp,27.6,61.9,-2395.5,-179.7,9.4214,6,76.33333588,56.53,3/28/14,29272C202,-2.4,483711,"6.00
 - 6.00
",Priced Within Range,Electrical Compo&Equip,Industrial,Power Conv/Supply Equip,1.58923
VKTX US,Viking Therapeutics Inc,27.6,,,-17.2,9.6043,8,12,69.2344,4/29/15,92686J106,-0.8,9.40E+07,"7.00
 - 9.00
",Priced Within Range,Biotechnology,"Consumer, Non-cyclical",Medical-Biomedical/Gene,83.7246
MELR US,Melrose Bancorp Inc,27.234,9.6,6.5,0.5,0,10,30.5,0,10/22/14,585553100,0.7,,"10.00
 - 10.00
",Priced Within Range,Banks,Financial,Commer Banks-Eastern US,
UFABQ US,Unique Fabricating Inc,25.6738,4.5,-5.5,-24.1,9.4425,9.5,42,86.355,7/1/15,90915J103,-0.3,2.18E+06,"8.00
 - 10.00
",Priced Within Range,Auto Parts&Equipment,"Consumer, Cyclical",Auto/Trk Prts&Equip-Orig,18.5546
1091677D US,Sierra Madre Mining Inc,25,,,,0,0,,0, ,N.A.,,,"0.25
 - 0.25
",,Mining,Basic Materials,Mining Services,
SXBUU US,S1 Biopharma Inc,24.5,,,,8.1299,0,,0, ,835428202,,,"12.00
 - 14.00
",,Biotechnology,"Consumer, Non-cyclical",Medical-Biomedical/Gene,
VRY CN,Petro-Victory Energy Corp,23.233,17.5,-368.7,-52.6,234.751,0.4,-17.50000191,87.3379, ,N.A.,-0.2,1.58E+06,"0.40
 - 0.60
",Priced Within Range,Oil&Gas,Energy,Oil Comp-Explor&Prodtn,9.71651
ECME US,ECM Energy Services Inc,22.5,120.3,-1.1,,6.5001,0,,0, ,N.A.,0.2,,"7.00
 - 9.00
",,Oil&Gas Services,Energy,Oil-Field Services,
JYNT US,Joint Corp/The,22.425,-55.9,-16.4,-10.1,9.6216,6.5,1.230769277,59.6154,11/11/14,47973J102,0.6,1.42E+07,"6.00
 - 7.00
",Priced Within Range,Healthcare-Services,"Consumer, Non-cyclical",Medical-Outptnt/Home Med,92.6859
MBCQ US,MB Bancorp Inc,21.6,17.7,53.6,1.6,0,10,4.5,0,12/30/14,5.53E+108,0.4,355042,"10.00
 - 10.00
",Priced Within Range,Banks,Financial,Commer Banks-Eastern US,18.1087
ICBK US,County Bancorp Inc,21.3727,-12.5,10.7,1.2,5.6745,15.75,7.936507702,89.3734,1/16/15,221907108,-3.7,,"16.00
 - 18.00
",Priced Below Range,Banks,Financial,Commer Banks-Central US,
JAGX US,Jaguar Health Inc,20.02,19.7,-329.3,-73.8,8.1199,7,-3.142857075,56.8393,5/13/15,47010C888,-2494.1,66191.1,"7.00
 - 7.00
",Priced Within Range,Pharmaceuticals,"Consumer, Non-cyclical",Veterinary Diagnostics,9.82064
1065674D US,OZ Saferooms Technologies Inc,20,177.2,-36.2,,0,0,,0, ,N.A.,-0.00331522,,"5.00
 - 5.00
",,Commercial Services,"Consumer, Non-cyclical",Research&Development,
PLRM US,Pilgrim Bancshares Inc,18.975,14.9,13.4,0.4,0,0,,0,10/13/14,72143J105,1,410263,"10.00
 - 10.00
",,Holding Companies-Divers,Diversified,Diversified Operations,18.1403
RESN US,Resonant Inc,18.63,-31,-1651.5,-117.7,6.8927,6,51.66666794,41.36,5/29/14,76118L102,-0.3,,"6.00
 - 6.00
",Priced Within Range,Telecommunications,Communications,Wireless Equipment,
1011132D CN,EFLO Energy Inc,18.432,,,,0,0,,0, ,N.A.,,, ,,Oil&Gas,Energy,Oil Comp-Explor&Prodtn,
AWA US,Armada Water Assets Inc,17.5,,-39.3,,16.65,0,,0, ,N.A.,-1.3,,"5.00
 - 7.00
",,Oil&Gas Services,Energy,Oil-Field Services,
9991028D US,FG Financial Group Inc/Delawar,17.3648,,,,3.5492,8,-0.625,28.39,4/1/14,30259W104,,,"8.00
 - 8.00
",Priced Within Range,Insurance,Financial,Property/Casualty Ins,
EEHI US,Empire Energy Holdings Inc,17.25,,,,0,0,,0, ,29164W100,,, ,,Oil&Gas,Energy,Oil Comp-Explor&Prodtn,
GBIM US,GlobeImmune Inc,17.25,8.2,-42.8,-16.4,5.7442,10,10.5,57.44,7/2/14,37957B100,-1.2,159067,"15.00
 - 15.00
",Priced Below Range,Pharmaceuticals,"Consumer, Non-cyclical",Medical-Drugs,2.76564
BBLG US,Bone Biologics Corp,16.1266,,,-108.2,29.2392,0,,0,11/27/15,98070501,-2.7,250683,"2.00
 - 2.00
",,Biotechnology,"Consumer, Non-cyclical",Medical-Biomedical/Gene,7.66371
CHT LN,Constellation Healthcare Technologies Inc,15.1044,40.5,9.1,9.9,55.6151,135,-1.851851821,117.418, ,N.A.,0.2,1.21E+07,"135.00
 - 135.00
",Priced Within Range,Commercial Services,"Consumer, Non-cyclical",Health Care Cost Contain,13.2109
CLST LN,ClearStar Inc,15.0372,14.1,-6,-17.5,36.3029,57,5.263157845,35.4068, ,N.A.,0.00440009,3.49E+07, ,,Software,Technology,Applications Software,96.2542
POAI US,Predictive Oncology Inc,15.003,-8.7,-668.8,-112,0,9,-47.78888702,0,8/27/15,74039M309,-2.1,406775, ,,Biotechnology,"Consumer, Non-cyclical",Medical-Biomedical/Gene,4.55432
1744940D US,DermTech Operations Inc,15,,,,0,0,,0, ,N.A.,-0.6,, ,,Biotechnology,"Consumer, Non-cyclical",Medical-Biomedical/Gene,
MTNB US,Matinas BioPharma Holdings Inc,14.915,,,-128.5,32,0,,0,6/3/14,576810303,-3.2,690721,"1.00
 - 1.00
",,Biotechnology,"Consumer, Non-cyclical",Medical-Biomedical/Gene,13.5782
IRMD US,iRadimed Corp,14.49,11.7,26.2,20.2,10.7184,6.25,58.40000153,66.99,7/16/14,46266A109,2,7.43E+06,"5.00
 - 6.00
",Priced Above Range,Healthcare-Products,"Consumer, Non-cyclical",Medical Products,58.4175
DCLN US,US Dry Cleaning Services Corp,14,0.1,-12.1,,5.8839,0,,0, ,N.A.,-0.4,,"5.00
 - 7.00
",,Apparel,"Consumer, Cyclical",Textile-Apparel,
RENB US,Renovaro Inc,12,,,-139.8,10.44,0,,0,11/18/14,2.94E+108,-0.1,4.84E+07,"5.00
 - 5.00
",,Biotechnology,"Consumer, Non-cyclical",Medical-Biomedical/Gene,30.478
ALDX US,Aldeyra Therapeutics Inc,12,,,-44.1,5.4702,8,-10,43.7616,5/2/14,01438T106,-0.7,3.15E+07,"10.00
 - 12.00
",Priced Below Range,Biotechnology,"Consumer, Non-cyclical",Medical-Biomedical/Gene,52.726
HWIS US,Home Bancorp Wisconsin Inc,11.638,,2.8,,0,0,,0,4/24/14,43689Q100,,,"10.00
 - 10.00
",,Holding Companies-Divers,Diversified,Diversified Operations,
FGBI US,First Guaranty Bancshares Inc,11.5914,27.3,11,0.3,6.9179,18.5,3.891891956,0,11/6/15,32043P106,2.7,2.96E+06, ,,Banks,Financial,Commer Banks-Southern US,23.6348
HVBC US,HV Bancorp Inc,11.5,2,8.3,0.3,2.369,0,,0, ,40441H105,15.2,173589,"10.00
 - 10.00
",,Banks,Financial,Commer Banks-Eastern US,7.75917
COB/U CN,Cohbar Inc,11.25,,,-74.7,32.2653,1,55,32.2653, ,19249J109,,1219,"1.00
 - 1.00
",Priced Within Range,Biotechnology,"Consumer, Non-cyclical",Medical-Biomedical/Gene,0.0419344
SLNO US,Soleno Therapeutics Inc,10.725,,,-68.7,0,6.5,-40.30769348,0,11/13/14,834203309,-1.7,6.06E+07,"6.50
 - 6.50
",Priced Within Range,Biotechnology,"Consumer, Non-cyclical",Medical-Biomedical/Gene,132.098
GWGHQ US,GWG Holdings Inc,10,34.7,-123.7,-5.3,5.8701,12.5,5.199999809,73.3762,9/25/14,36192A109,-1.8,,"11.50
 - 13.50
",Priced Within Range,Insurance,Financial,Life/Health Insurance,
MDVXU US,Innoveren Scientific Inc,9.2,-71.8,-2271.3,-632.8,9.3812,5.75,8.695652008,53.9419,12/19/14,58504H200,,,"5.75
 - 5.75
",Priced Within Range,Healthcare-Products,"Consumer, Non-cyclical",Medical Products,
0956541D US,SGWone Inc,9,,,,41.9985,0,,0, ,N.A.,-0.00036524,,"1.00
 - 1.00
",,Retail,"Consumer, Cyclical",Retail-Consumer Electron,
PRGBQ US,Protea Biosciences Group Inc,8.7556,31.4,-639.5,-742.7,65.4427,0,,0,2/24/14,74365B208,-1.5,,"0.50
 - 0.50
",,Healthcare-Products,"Consumer, Non-cyclical",Diagnostic Kits,
VRDN US,Viridian Therapeutics Inc,8.5,-3.8,-89387,-43.7,3.7826,10,-9.100000381,37.83,6/18/14,92790C104,-3.4,9.92E+07,"10.00
 - 12.00
",Priced Within Range,Biotechnology,"Consumer, Non-cyclical",Medical-Biomedical/Gene,121.72
GBSNQ US,Great Basin Scientific Inc,8.05,42.3,-2924.6,-119.6,5.0784,7,-16.1428566,35.5488,10/9/14,39013L882,-566821,,"7.00
 - 7.00
",Priced Within Range,Healthcare-Products,"Consumer, Non-cyclical",Diagnostic Equipment,
NVBXU US,NanoVibronix Inc,7.425,12,-144.8,-71.9,3.7447,0,,0, ,63008J207,-0.8,,"4.95
 - 4.95
",,Healthcare-Products,"Consumer, Non-cyclical",Medical Products,
ODYY US,Odyssey Group International Inc,7.375,,,,0,0,,0, ,67612C102,,,"0.50
 - 0.50
",,Pharmaceuticals,"Consumer, Non-cyclical",Medical-Drugs,
4991 TT,GCS Holdings Inc,6.82965,29.5,-13.5,-6.6,41.9566,42,39.2857132,0, ,N.A.,0.1,5.77E+06,"40.00
 - 46.00
",Priced Within Range,Semiconductors,Technology,Electronic Compo-Semicon,5.07877
DGLT US,Digiliti Money Group Inc,6.75,85.4,-190.1,-166.4,16.9695,1.5,0,25.45,7/9/14,25381F102,-5,,"1.50
 - 1.50
",Priced Within Range,Electronics,Industrial,Electronic Parts Distrib,
USLG US,US Lighting Group Inc,6.02,-93.1,-156.2,,30.1,0,,0,10/14/14,91214A108,-0.000110852,100000,"0.20
 - 0.20
",,Home Builders,"Consumer, Cyclical",Bldg-Mobil Home/Mfd Hous,0.0890302
BABY US,PishPosh Inc,5.625,-18,-57.9,-148.7,9.625,0,,0, ,724324108,-0.073448,1.08E+06,"1.00
 - 1.00
",,Internet,Communications,E-Commerce/Products,19.7459
0954762D US,New Horizon Equity Group Inc,5.5,,,,0,0,,0, ,N.A.,,,"5.50
 - 5.50
",,Commercial Services,"Consumer, Non-cyclical",Consulting Services,
1823066D US,Virginia Partners Bank,5.375,,,,0,0,,0, ,928066109,,2000,"10.75
 - 10.75
",,Banks,Financial,Commer Banks-Southern US,0.0112824
GWAV US,Greenwave Technology Solutions,5.04,-6.5,-71.7,-43.6,50.4,0,,0,3/3/15,57630J403,-1.4,2.66E+06,"0.10
 - 0.10
",,Environmental Control,Industrial,Recycling,4.6465
0944038D US,TCW Diversified Income Fund Inc,5,,,,0,0,,0, ,N.A.,,, ,,Closed-end Funds,Financial,Closed-end Funds,
CHAM US,Champion Investments Inc,5,,,-130.1,125.102,0,,0, ,158530105,-0.000100687,,"0.10
 - 0.10
",,Investment Companies,Financial,Investment Companies,
1039898D US,American Renaissance Capital Inc,5,,,,85.376,0,,17.08, ,N.A.,,,"0.20
 - 0.20
",,Private Equity,Financial,Private Equity,
1177076D US,7 Venture Group Inc,5,,,,34.37,0,,0, ,N.A.,,,"1.00
 - 1.00
",,Investment Companies,Financial,Investment Companies,
VRTT US,Viatar CTC Solutions Inc,4.7236,632.3,-6168.6,-1046.9,17.2024,0,,0,5/5/15,92556J103,-0.1,,"3.50
 - 3.50
",,Biotechnology,"Consumer, Non-cyclical",Medical-Biomedical/Gene,
PRHRQ US,PetroShare Corp,4.6,83.6,-84.8,-35.5,21.6082,1,10,21.6082,11/23/15,71677L106,0.1,,"1.00
 - 1.00
",Priced Within Range,Oil&Gas,Energy,Oil Comp-Explor&Prodtn,
SSOK US,Sunstock Inc,4.3119,-4.7,0.0474785,32.1,10.2733,0,,0,10/27/15,867891202,-0.0243791,,"1.50
 - 1.50
",,Mining,Basic Materials,Gold Mining,
KPRX US,Kiora Pharmaceuticals Inc,4.0998,,22.4,14.3,6.3286,6,0,37.9716,2/13/15,49721T507,2.2,1.42E+06,"6.00
 - 6.00
",Priced Within Range,Pharmaceuticals,"Consumer, Non-cyclical",Medical-Drugs,47.3576
HMPQ US,HempAmericana Inc,4.08,,,,114.5,0,,0,12/29/14,42370P207,,,"0.12
 - 0.12
",,Household Products/Wares,"Consumer, Non-cyclical",Consumer Products-Misc,
1092181D US,IVDesk Holdings Inc,3.9715,,,,6.222,0,,0, ,N.A.,,,"2.50
 - 2.50
",,Software,Technology,Computer Software,
TGEN US,Tecogen Inc,3.0766,-10,-21,-16.1,15.8029,4.75,34.10526276,75.06,5/20/14,87876P201,0.1,337793,"4.75
 - 5.75
",Priced Within Range,Building Materials,Industrial,Bldg Prod-Air&Heating,1.35197
1098345D US,Cloracks Corp,2.9556,,-37363.8,,226.582,0,,0, ,N.A.,-0.00208698,,"0.10
 - 0.10
",,Housewares,"Consumer, Cyclical",Housewares,
1177053D US,Benaiah Holdings Group Inc,2.91,,,,39.05,0,,0, ,N.A.,,,"0.20
 - 0.20
",,Investment Companies,Financial,Investment Companies,
GNID US,GeneSYS ID Inc,2.5,,-2950,,125.095,0,,0,12/18/14,37186P102,,,"0.25
 - 0.25
",,Electronics,Industrial,Electronic Secur Devices,
EVTV US,Envirotech Vehicles Inc,2.2361,-34.6,-473.1,-31.9,0,0,,0, ,29414V209,-0.2,1.17E+06, ,,Auto Manufacturers,"Consumer, Cyclical",Auto-Med&Heavy Duty Trks,5.06201
0984814D US,GuardianLink Inc,2,,-1104.3,,7.9775,0,,0, ,N.A.,-0.00130752,,"2.00
 - 2.00
",,Commercial Services,"Consumer, Non-cyclical",Commercial Services,
BLCS US,Blockchain Solutions Inc,2,,,,38,0,,0,6/30/15,09390A106,,1.05E+06,"0.40
 - 0.40
",,Housewares,"Consumer, Cyclical",Garden Products,87.6453
1226548D US,Heavenstone Corp,1.8188,,,,71.1594,0,,0, ,N.A.,-0.00067041,,"2.00
 - 2.00
",,Real Estate,Financial,Real Estate Oper/Develop,
AGTX US,Agentix Corp,1.4459,,,-291.8,6.6771,0,,0,8/5/15,00848A103,-0.00275611,,"1.00
 - 1.00
",,Chemicals,Basic Materials,Chemicals-Specialty,
TNRG US,Thunder Energies Corp,1.4438,,,-140.3,16.1423,0,,0,9/16/14,88604Y209,-0.0138388,,"1.00
 - 1.00
",,Household Products/Wares,"Consumer, Non-cyclical",Consumer Products-Misc,
GWHP US,Global Wholehealth Partners Corp,1.34,,,,28.4,0,,0,2/3/15,37959N102,,,"0.10
 - 0.10
",,Pharmaceuticals,"Consumer, Non-cyclical",Medical-Drugs,
INQD US,Indoor Harvest Corp,1.2335,,,,8.512,0,,0,1/15/15,4.56E+106,-0.0161359,,"0.50
 - 0.50
",,Machinery-Diversified,Industrial,Machinery-Farm,
DKGH US,DKG Capital Inc,1.1832,,,,17.271,0,,0,6/3/15,23341N208,,,"0.50
 - 0.50
",,Diversified Finan Serv,Financial,Invest Mgmnt/Advis Serv,
DTLS US,3D Total Solutions Inc,1.1283,,,-703.7,16.711,0,,0,9/2/15,88556B108,-0.00555357,,"0.25
 - 0.25
",,Machinery-Diversified,Industrial,Machinery-Print Trade,
0967851D US,Upholstery International Inc,1.1255,-3.2,-1.7,,19.8802,0,,0, ,N.A.,-0.00258496,,"2.50
 - 2.50
",,Home Furnishings,"Consumer, Cyclical",Home Furnishings,
EWLU US,Merion Inc,1.0629,-60.2,-316.9,,142.829,0,,0,12/3/14,58985T202,0.0188096,,"0.50
 - 0.50
",,Retail,"Consumer, Cyclical",Retail-Vitamins/Nutr Sup,
1219902D US,US-MHJ Wooden Elegance Creations Int'l Inc,1.002,,,,0,0,,0, ,N.A.,,,"0.02
 - 0.02
",,Home Furnishings,"Consumer, Cyclical",Home Furnishings,
0954763D US,American Xanthan Corp,1,,,,25,0,,0, ,N.A.,,,"0.10
 - 0.10
",,Chemicals,Basic Materials,Petrochemicals,
XJENX US,Prudential Jennison Mlp Income Fund Inc,1,,,,0,0,,0, ,74443M101,,,"20.00
 - 20.00
",,Equity Fund,Funds,Unclassified,
1002731D US,CBRE Clarion MLP Select Income Opportunities Fund,1,,,,0,0,,0, ,N.A.,,,"20.00
 - 20.00
",,Closed-end Funds,Financial,Closed-end Funds,
1066097D US,Dreyfus TMT Opportunities Fund Inc,1,,,,0,0,,0, ,N.A.,,, ,,Commercial Services,"Consumer, Non-cyclical",Inactive/Unknown,
1236890D US,Nomura Credit Long/Short Fund Inc,1,,,,0,0,,0, ,N.A.,,, ,,Closed-end Funds,Financial,Closed-end Funds,
0967815D US,Brookfield MLP & Energy Infrastructure Income Fund Inc,1,,,,0,0,,0, ,N.A.,,, ,,Closed-end Funds,Financial,Closed-end Funds,
1045229D US,Highland Healthcare Equity Income & Growth Fund,1,,,,0,0,,0, ,N.A.,,, ,,Closed-end Funds,Financial,Closed-end Funds,
GMTL US,Global Marine Transport Capital Ltd,1,,,,0,0,,0, ,N.A.,,, ,,Closed-end Funds,Financial,Closed-end Funds,
0964266D US,US-Nobel Primary Education Development Int Inc,0.998,,,,0,0,,0, ,N.A.,,,"0.02
 - 0.02
",,Commercial Services,"Consumer, Non-cyclical",Schools,
UCLE US,US Nuclear Corp,0.7725,6.6,-153.9,-60.3,13.265,0,,0,2/9/15,91733U106,-0.00730567,,"0.25
 - 0.25
",,Electronics,Industrial,Electronic Measur Instr,
1220191D US,Aquarius Cannabis Inc,0.7671,,,,26.739,0,,0, ,N.A.,,,"0.08
 - 0.08
",,Commercial Services,"Consumer, Non-cyclical",Human Resources,
NGTF US,NightFood Holdings Inc,0.7266,-33,-3624.3,-247.5,25.1086,0,,0,5/15/15,65412F101,-0.00561076,700000,"0.26
 - 0.26
",,Food,"Consumer, Non-cyclical",Food-Dairy Products,0.542815
0957955D US,SDMS Inc,0.6512,-55.2,-265,,20,0,,0, ,N.A.,-0.4,,"0.25
 - 0.25
",,Internet,Communications,E-Commerce/Products,
1223720D US,Gen3Bio Inc,0.6481,,,,70.1125,0,,0, ,N.A.,,,"0.05
 - 0.05
",,Biotechnology,"Consumer, Non-cyclical",Medical-Biomedical/Gene,
IMGL US,Image International Group Inc,0.6475,,,,0,0,,0,5/13/15,45249H108,-0.00352289,,"0.10
 - 0.10
",,Mining,Basic Materials,Precious Metals,
LCLP US,Life Clips Inc,0.5502,,-6958,-49.8,10.851,0,,0,3/31/15,53185D107,-0.000138711,,"0.50
 - 0.50
",,Software,Technology,Computer Software,
EFSH US,1847 Holdings LLC,0.5,10.7,-636.5,-273.9,1.525,0,,0,12/3/14,28252B853,-4.7,4.41E+06,"1.00
 - 1.00
",,Private Equity,Financial,Private Equity,16.6349
0941778D US,Autovative Technologies Inc,0.4693,,,,6.7893,0,,0, ,N.A.,,,"1.00
 - 1.00
",,Auto Parts&Equipment,"Consumer, Cyclical",Auto/Trk Prts&Equip-Orig,
FRTG US,Frontera Group Inc,0.4225,,-354.3,-67,36.5,0,,0,4/23/15,35904M104,-0.00468575,,"0.01
 - 0.01
",,Advertising,Communications,Advertising Services,
0949339D US,Mary Feed & Supplies Inc,0.408,6,-23.9,,11.507,0,,0, ,N.A.,0.000874962,,"0.15
 - 0.15
",,Retail,"Consumer, Cyclical",Retail-Pet Food&Supplies,
1158486D US,Supreme Legal Inc,0.4,,,,0,0,,0, ,N.A.,,,"0.10
 - 0.10
",,Commercial Services,"Consumer, Non-cyclical",Commercial Services,
XNDA US,Xinda international Corp,0.4,,,,0,0,,0, ,98421H107,,2.69E+06,"0.10
 - 0.10
",,Real Estate,Financial,Real Estate Mgmnt/Servic,6.72775
CRBL US,Carbon Credit International Inc,0.4,,,,0,0,,0,7/21/15,141039107,,,"0.10
 - 0.10
",,Environmental Control,Industrial,Environ Consulting&Eng,
SMKC US,Smoke Cartel Inc,0.38,,,,0,0,,0, ,832657100,,,"0.00
 - 0.00
",,Building Materials,Industrial,Bldg Prod-Doors&Windows,
QURT US,Quarta-Rad Inc,0.3,,,,16.5,0,,0, ,747696102,-0.0001,,"0.20
 - 0.20
",,Electronics,Industrial,Electronic Measur Instr,
1083538D US,Orbis Corp/US,0.3,,,,105,0,,0, ,N.A.,,,"0.01
 - 0.01
",,Environmental Control,Industrial,Recycling,
0630669D US,AdeptPros Inc,0.2937,79.3,14.7,,50,0,,0, ,N.A.,0.00217815,,"0.05
 - 0.05
",,Software,Technology,Applications Software,
1052516D US,Tide Petroleum Corp,0.283,,,,7.83,0,,0, ,N.A.,,,"0.10
 - 0.10
",,Oil&Gas,Energy,Oil Comp-Explor&Prodtn,
TGRR US,Tiger Reef Inc,0.2512,,,-2072.5,125.25,0,,0,8/3/15,88680R102,-0.00127227,,"0.01
 - 0.01
",,Beverages,"Consumer, Non-cyclical",Beverages-Wine/Spirits,
NUGN US,NuGene International Inc,0.25,-15.6,-35.2,-1.2,4,0,,0,9/8/14,67052F102,0.00229296,1.50E+06,"0.25
 - 0.25
",,Cosmetics/Personal Care,"Consumer, Non-cyclical",Cosmetics&Toiletries,0.180627
GWSN US,Gulf West Security Network Inc,0.25,,,,0,0,,0,6/10/14,40258R204,,,"0.13
 - 0.13
",,Electronics,Industrial,Electronic Secur Devices,
OPTI US,Optec International Inc,0.2317,276.4,-1449.8,-766.4,7.5635,0,,0,12/14/15,68386M102,-0.0100955,,"0.50
 - 0.50
",,Auto Manufacturers,"Consumer, Cyclical",Auto-Med&Heavy Duty Trks,
1650920D CN,Perk Inc,0.22115,187.5,-34.5,3.2,12.5,0.1,39.99999619,1.10575, ,71400Y102,0.1,, ,,Software,Technology,Applications Software,
MMEG US,Momentous Entertainment Group Inc,0.2175,-91.4,-50313.6,,70.3455,0,,0,3/23/15,60878D203,-28.7,,"0.01
 - 0.01
",,Advertising,Communications,Advertising Services,
PKAYQ US,Peekay Boutiques Inc,0.2,,,,0,0,,0,11/19/14,705384204,,,"0.10
 - 0.10
",,Retail,"Consumer, Cyclical",Retail-Misc/Diversified,
NGLD US,Nevada Canyon Gold Corp,0.2,,,-33,23,0,,0,1/27/15,64130W207,-0.036493,3333,"0.10
 - 0.10
",,Commercial Services,"Consumer, Non-cyclical",Consulting Services,0.0120547
MPVR US,MP Ventures Inc,0.2,,,,0,0,,0,7/20/15,553438102,,,"0.10
 - 0.10
",,Real Estate,Financial,Real Estate Mgmnt/Servic,
0962701D US,Goldmerx Inc,0.2,,,,22.5,0,,0, ,N.A.,-4.84E-05,,"0.04
 - 0.04
",,Retail,"Consumer, Cyclical",Retail-Jewelry,
1066103D US,Access US Oil & Gas Inc,0.199,,,,21.29,0,,0, ,N.A.,,,"0.10
 - 0.10
",,Oil&Gas,Energy,Oil Comp-Explor&Prodtn,
GIGW US,Hapi Metaverse Inc,0.1933,,-10327.2,,5.132,0,,0,6/10/15,361733108,-0.0110265,,"0.12
 - 0.12
",,Software,Technology,Applications Software,
1064818D US,Lockbox Link Inc,0.1889,,,-194.3,5.4445,0,,0, ,N.A.,-0.00213903,,"0.25
 - 0.25
",,Internet,Communications,E-Commerce/Services,
TRLM US,Truleum Inc,0.1828,-26.2,-1537.3,-123.9,0,0,,0, ,02073X105,-0.0314983,1.73E+07,"0.25
 - 0.25
",,Oil&Gas,Energy,Oil Comp-Explor&Prodtn,79.2381
1066319D US,NAS Acquisition Inc,0.18,,,,9,0,,0, ,N.A.,-0.000784,,"0.02
 - 0.02
",,Holding Companies-Divers,Diversified,Specified Purpose Acquis,
1051179D US,Megas Inc/NV,0.1647,,,,21.373,0,,0, ,N.A.,,,"0.02
 - 0.02
",,Commercial Services,"Consumer, Non-cyclical",Inactive/Unknown,
PHCI US,Panamera Holdings Corp,0.1596,-80.3,-77610.3,-31685.1,17.99,0,,0, ,69829Y109,-0.00246846,,"0.04
 - 0.04
",,Commercial Services,"Consumer, Non-cyclical",Consulting Services,
COFE US,Coffee Inc,0.15,140.4,-26.6,-21.8,0,0,,0,7/8/15,12770L106,-0.0163776,,"0.03
 - 0.03
",,Beverages,"Consumer, Non-cyclical",Coffee,
AIOM US,Axiom Holdings Inc,0.14,9915.3,-45.6,-3.8,17,0,,0,11/6/14,05463W108,-0.0182413,,"0.02
 - 0.02
",,Leisure Time,"Consumer, Cyclical",Travel Services,
0961501D US,Global Health Technologies Inc,0.1295,,,,375.884,0,,0, ,N.A.,,,"0.01
 - 0.01
",,Pharmaceuticals,"Consumer, Non-cyclical",Medical-Whsle Drug Dist,
CNCC US,Canna Corp,0.123,,122.5,-759.8,0.4711,0,,0, ,13765P102,-0.00739798,,"0.50
 - 0.50
",,Agriculture,"Consumer, Non-cyclical",Tobacco,
IDDR US,IDDriven Inc,0.1195,,,,10.975,0,,0,3/18/15,45152R101,,10000,"0.02
 - 0.02
",,Internet,Communications,E-Commerce/Services,0.00085681
0600665D US,C Wolters Consultants Inc,0.105,,,,6.25,0,,0, ,N.A.,,,"0.03
 - 0.03
",,Commercial Services,"Consumer, Non-cyclical",Consulting Services,
NPTX US,Neuropathix Inc,0.1015,,,,9.53,0,,0, ,64132Q109,,,"0.05
 - 0.05
",,Pharmaceuticals,"Consumer, Non-cyclical",Medical-Drugs,
0958406D US,Sarvik Corp,0.1,,,,5,0,,0, ,N.A.,,,"0.02
 - 0.02
",,Entertainment,"Consumer, Cyclical",Theaters,
SNCF US,Sanarco Funds Inc,0.1,,,,10,0,,0,9/26/14,57779A205,,,"0.02
 - 0.02
",,Private Equity,Financial,Private Equity,
0957905D US,Zubra Inc,0.1,,,,2,0,,0, ,N.A.,-7.97E-05,,"0.25
 - 0.25
",,Internet,Communications,E-Commerce/Products,
0961485D US,Perlowin Development Corp,0.1,,,,12,0,,0, ,N.A.,,,"0.03
 - 0.03
",,Holding Companies-Divers,Diversified,Specified Purpose Acquis,
0932378D US,X-Treme Investments Inc,0.1,,,,170,0,,0, ,N.A.,,,"0.00
 - 0.00
",,Investment Companies,Financial,Investment Companies,
0966259D US,American Gene Engineer Corp,0.1,,,,100,0,,0, ,N.A.,,,"0.00
 - 0.00
",,Biotechnology,"Consumer, Non-cyclical",Medical-Biomedical/Gene,
1058536D US,Stem Sales Inc,0.1,,,-655.2,2,0,,0, ,N.A.,-0.012114,,"0.10
 - 0.10
",,Holding Companies-Divers,Diversified,Specified Purpose Acquis,
1053301D US,Chalet Lifestyles Inc,0.1,,,,22,0,,0, ,N.A.,,,"0.05
 - 0.05
",,Leisure Time,"Consumer, Cyclical",Recreational Vehicles,
1067004D US,USA Restaurants Inc,0.1,,,,0,0,,0, ,N.A.,,,"0.04
 - 0.04
",,Retail,"Consumer, Cyclical",Retail-Restaurants,
EYGY US,Enterprise Energy Inc,0.1,,,-784.9,5,0,,0,8/20/15,29390L100,-0.00199603,,"0.02
 - 0.02
",,Oil&Gas,Energy,Oil Comp-Explor&Prodtn,
1052384D US,OranjTek Co,0.1,,,,4,0,,0, ,N.A.,,,"0.05
 - 0.05
",,Retail,"Consumer, Cyclical",Retail-Misc/Diversified,
MEDR US,Medresponse Corp,0.1,,,,15,0,,0,12/29/14,58506T103,,,"0.01
 - 0.01
",,Healthcare-Services,"Consumer, Non-cyclical",Medical-Outptnt/Home Med,
0956452D US,Right Lane Acquisition I Inc,0.1,,,,12,0,,0, ,N.A.,,,"0.03
 - 0.03
",,Investment Companies,Financial,Investment Companies,
NHEL US,Natural Health Farm Holdings Inc,0.1,,,,0,0,,0, ,63889N103,,,"0.02
 - 0.02
",,Retail,"Consumer, Cyclical",Retail-Vitamins/Nutr Sup,
PTCO US,PetroGas Co,0.1,,,,0,0,,0,12/5/14,71649B400,-0.00187784,,"0.01
 - 0.01
",,Oil&Gas,Energy,Oil Comp-Explor&Prodtn,
1023850D US,Flaster Corp,0.1,,,,2.3,0,,0, ,N.A.,,,"0.20
 - 0.20
",,Internet,Communications,E-Commerce/Products,
STAL US,Star Alliance International Corp,0.1,,,-277,15,0,,0,6/25/15,855078101,-0.000579617,,"0.01
 - 0.01
",,Mining,Basic Materials,Gold Mining,
WEWA US,Wewards Inc,0.1,,,-77.5,0,0,,0,2/4/15,96207P103,-0.00116483,,"0.01
 - 0.01
",,Internet,Communications,Web Hosting/Design,
1044843D US,Granito Acquisition I Inc,0.1,,,,0,0,,0, ,N.A.,,,"0.03
 - 0.03
",,Holding Companies-Divers,Diversified,Specified Purpose Acquis,
APPB US,Applied Biosciences Corp,0.1,257.9,-371.8,-106.6,7.5,0,,0,11/4/15,03815L102,-0.075962,,"0.04
 - 0.04
",,Biotechnology,"Consumer, Non-cyclical",Medical-Biomedical/Gene,
1129620D US,Ygeia Consulting Group Inc,0.0999,,,,21.332,0,,0, ,N.A.,,,"0.08
 - 0.08
",,Commercial Services,"Consumer, Non-cyclical",Consulting Services,
SSYR US,Stallion Synergies Inc,0.095,,-754.2,-140.6,0,0,,0,1/14/16,85259U102,-0.000805051,,"0.01
 - 0.01
",,Internet,Communications,E-Marketing/Info,
VRAYQ US,ViewRay Inc,0.09,45.7,-105,-41.5,0,0,,0,11/4/14,92672L107,-0.5,3.71E+07,"0.03
 - 0.03
",,Healthcare-Products,"Consumer, Non-cyclical",X-Ray Equipment,20.224
AKTSQ US,Akoustis Technologies Inc,0.09,0.9,-613.3,-167.1,0,0,,0,7/3/14,00973N102,-0.4,5.96E+06,"0.01
 - 0.01
",,Electronics,Industrial,Industr Audio&Video Prod,3.85506
AMCT US,American Education Center Inc,0.09,-93.5,-803.9,-51.1,30,0,,0,12/23/15,02554H108,-0.015296,,"0.01
 - 0.01
",,Commercial Services,"Consumer, Non-cyclical",Consulting Services,
ELTZ US,Elite Group Inc,0.09,,,,0,0,,0,2/10/15,2.87E+104,,,"0.03
 - 0.03
",,Retail,"Consumer, Cyclical",Retail-Bookstore,
BTIM US,Boatim Inc,0.08,662.7,-346241,-438.5,0,0,,0, ,09664B202,-0.0278938,,"0.04
 - 0.04
",,Internet,Communications,E-Commerce/Products,
PDRO US,Pedro's List Inc,0.08,,,-13293.3,6,0,,0,6/30/15,74837J409,-0.0462994,,"0.04
 - 0.04
",,Commercial Services,"Consumer, Non-cyclical",Commercial Services,
1225172D US,Global Holding International,0.08,,,,18,0,,0, ,N.A.,,,"0.01
 - 0.01
",,Environmental Control,Industrial,Water Treatment Systems,
SNTW US,Summit Networks Inc,0.08,,,,6,0,,0,5/5/15,866194103,,,"0.04
 - 0.04
",,Distribution/Wholesale,"Consumer, Cyclical",Distribution/Wholesale,
FRFR US,Fritzy Tech Inc,0.08,,,,0,0,,0,9/22/15,358861201,-0.075571,,"0.02
 - 0.02
",,Real Estate,Financial,Real Estate Oper/Develop,
OWPC US,One World Products Inc,0.08,-93.9,-52092.7,-347.6,8,0.02,2450,0,9/25/15,68248W108,-0.0162833,,"0.02
 - 0.02
",Priced Within Range,Pharmaceuticals,"Consumer, Non-cyclical",Medical-Drugs,
MRGE US,Mirage Energy Corp,0.075,,,,10,0,,0,7/21/15,60463B109,-0.00174302,,"0.01
 - 0.01
",,Pipelines,Energy,Pipelines,
BMXC US,Bemax Inc,0.075,,,,5.5,0,,0,3/27/15,81360406,,,"0.05
 - 0.05
",,Distribution/Wholesale,"Consumer, Cyclical",Distribution/Wholesale,
NAEX US,National Art Exchange Inc,0.07,,,-336.6,14,0,,0,4/24/15,63254D102,-0.0808086,,"0.01
 - 0.01
",,Leisure Time,"Consumer, Cyclical",Travel Services,
0945570D US,Adrenaline Ventures Inc,0.06,,,,14,0,,0, ,N.A.,,,"0.01
 - 0.01
",,Software,Technology,Applications Software,
0991502D US,Gen Serv Inc,0.06,,,-396.5,13,0,,0, ,N.A.,-4.32E-05,,"0.02
 - 0.02
",,Commercial Services,"Consumer, Non-cyclical",Consulting Services,
OLMM US,OneLife Technologies Corp,0.0568,,,,46.368,0,,0,2/4/15,68268M105,,,"0.00
 - 0.00
",,Telecommunications,Communications,Wireless Equipment,
1225945D US,ZRHO Beverages Inc,0.055,,,,1.625,0,,0, ,N.A.,,,"0.10
 - 0.10
",,Beverages,"Consumer, Non-cyclical",Beverages-Wine/Spirits,
ABVN US,ABV Consulting Inc,0.053,,,-779,5.533,0,,0,2/13/15,00083Q102,-0.000168625,4.75E+06,"0.10
 - 0.10
",,Advertising,Communications,Advertising Agencies,85.8485
AMJT US,AMJ Global Technology,0.0504,,,,5.52,0,,0,9/30/14,484199104,,,"0.02
 - 0.02
",,Software,Technology,Applications Software,
1053079D US,Connect Interactive Inc,0.05,,,,21,0,,0, ,N.A.,,,"0.05
 - 0.05
",,Software,Technology,Applications Software,
1074384D US,Petrichor Energy US Corp,0.05,,,,10,0,,0, ,N.A.,,,"0.01
 - 0.01
",,Commercial Services,"Consumer, Non-cyclical",Human Resources,
TDXP US,Global Smart Capital Corp,0.05,,,,11,0,,0,1/29/16,37956F102,-0.00258791,,"0.01
 - 0.01
",,Diversified Finan Serv,Financial,Finance-Other Services,
QBIO US,Q BioMed Inc,0.05,551.9,-4213,,0,0,,0,11/17/14,74736N105,-0.1,,"0.02
 - 0.02
",,Biotechnology,"Consumer, Non-cyclical",Medical-Biomedical/Gene,
PSNP US,Preston Corp/NV,0.0476,,,,169.4,0,,0,9/12/14,74113J107,,,"0.05
 - 0.05
",,Mining,Basic Materials,Gold Mining,
SPLY US,SocialPlay USA Inc,0.045,,,,6,0,,0,9/8/14,83362Q209,,,"0.01
 - 0.01
",,Software,Technology,Computer Software,
TRDP US,Teardroppers Inc/The,0.0448,,,-74.2,37.8,0,,0,10/2/15,878192103,0.8,,"0.02
 - 0.02
",,Advertising,Communications,Advertising Sales,
0960310D US,Purplereal.com Corp,0.042,,,,1.9,0,,0, ,N.A.,,,"0.05
 - 0.05
",,Textiles,"Consumer, Cyclical",Textile-Products,
WMAL US,Worlds Mall Inc,0.039,,,-407.1,21.9,0,,0,5/8/15,98161L102,-0.00387685,,"0.01
 - 0.01
",,Internet,Communications,E-Commerce/Services,
1002365D US,Orion Global Corp,0.036,,,,12,0,,0, ,N.A.,,,"0.01
 - 0.01
",,N.A.,N.A.,N.A.,
0948452D US,Visual Acumen Inc,0.033,,,,12,0,,0, ,N.A.,,,"0.01
 - 0.01
",,Software,Technology,Applications Software,
1108065D US,Jobbot Inc,0.0309,,,,12.505,0,,0, ,N.A.,-0.000897001,,"0.02
 - 0.02
",,Commercial Services,"Consumer, Non-cyclical",Human Resources,
1003707D US,Menono Inc,0.03,,,,12,0,,0, ,N.A.,,,"0.01
 - 0.01
",,Commercial Services,"Consumer, Non-cyclical",Consulting Services,
YCRM US,Yuenglings Ice Cream Corp,0.0243,24.06,91.3,1629.1,8.43,0,,0,5/22/15,98841L209,-0.00247161,3.46E+07,"0.01
 - 0.01
",,Food,"Consumer, Non-cyclical",Food-Dairy Products,9.00817
CWRV US,Clearwater Ventures Inc,0.02,,,,18,0,,0,9/9/14,18538L106,,,"0.01
 - 0.01
",,Miscellaneous Manufactur,Industrial,Filtration/Separat Prod,
ASCK US,Auscrete Corp,0.0176,,,-248.2,0,0,,0,2/23/15,52108602,-0.00466563,,"0.03
 - 0.03
",,Home Builders,"Consumer, Cyclical",Bldg-Residential/Commer,
LGYV US,Legacy Ventures International Inc,0.016,,,-6386.6,7.4,0,,0,4/8/15,52472D200,-0.00140067,,"0.01
 - 0.01
",,Real Estate,Financial,Real Estate Mgmnt/Servic,
AWSN US,ASN Technologies Inc,0.015,,,,11.5,0.01,,0.115,3/4/15,00191Q101,,, ,,Biotechnology,"Consumer, Non-cyclical",Medical-Biomedical/Gene,
0983878D US,Readaboo Inc,0.01,,,,4.5,0,,0, ,N.A.,,,"0.02
 - 0.02
",,Internet,Communications,E-Commerce/Products,
0945268D US,Nuvola Inc,0.0008,,,,0,0,,0, ,N.A.,,,"0.00
 - 0.00
",,Electronics,Industrial,Electronic Secur Devices,
TSDI US,Strip Development Inc/The,0,,,,0,0,,0, ,N.A.,-0.00801489,,"0.50
 - 1.00
",,Real Estate,Financial,Real Estate Oper/Develop,
0945481D US,First Trust Municipal Income Term Fund,0,,,,0,0,,0, ,N.A.,,,"20.00
 - 20.00
",,Closed-end Funds,Financial,Closed-end Funds,
SRVA US,SIRVA Inc,0,2.2,0.4,,0,0,,0, ,82967Y500,,, ,,Transportation,Industrial,Transport-Truck,
0949184D US,First Trust Municipal Income Defined Term Fund,0,,,,0,0,,0, ,N.A.,,,"20.00
 - 20.00
",,Closed-end Funds,Financial,Closed-end Funds,
GRLD US,American Patriot Brands Inc,0,-29.7,-239.6,-1386.9,0,0,,0,8/7/14,39850T105,-0.0777026,, ,,Food,"Consumer, Non-cyclical",Food-Misc/Diversified,
ATD US,ATD Corp,0,11,-0.1,,0,0,,0, ,N.A.,0.1,, ,,Distribution/Wholesale,"Consumer, Cyclical",Distribution/Wholesale,
NRIS US,Norris Industries Inc,0,,-195.1,-204.4,43.555,0,,0, ,656357100,-0.00437391,,"0.75
 - 0.75
",,Oil&Gas,Energy,Oil Comp-Explor&Prodtn,
0559549D US,IndCor Properties Inc,0,,,,0,0,,0, ,N.A.,,, ,,Real Estate,Financial,Real Estate Oper/Develop,
ALPC US,Alpha Investment Inc,0,,,,36.55,0,,0,1/4/16,02075V107,-0.00304261,4.03E+06, ,,Private Equity,Financial,Private Equity,35.8873
1071436D LN,Enecsys plc,0,,,,0,0,,0, ,N.A.,,, ,,Environmental Control,Industrial,Environ Monitoring&Det,
1226609D US,Carnival Bay Holdings Inc,0,,,,51.085,0,,0, ,N.A.,,,"0.01
 - 0.01
",,Commercial Services,"Consumer, Non-cyclical",Commercial Services,
GNET US,Goodman Networks Inc,0,-39.5,-9.1,5.7,0,0,,0, ,38239H105,,157208, ,,Telecommunications,Communications,Telecommunication Equip,17.2236
0942077D US,Ruby Gold Inc,0,,,,300,0,,0, ,781165105,-0.00303456,, ,,Mining,Basic Materials,Gold Mining,
1991169D US,CardioDx Inc,0,221.8,-462.8,,0,0,,0, ,14161A103,,, ,,Healthcare-Products,"Consumer, Non-cyclical",Diagnostic Equipment,
BNCH US,BeneChill Inc,0,44.1,-1205.5,,0,0,,0, ,N.A.,-3.6,, ,,Healthcare-Products,"Consumer, Non-cyclical",Medical Instruments,
BSGM US,BioSig Technologies Inc,0,122.2,-25825,-782.5,0,0,,0,9/22/14,09073N300,-0.3,5.52E+06, ,,Healthcare-Products,"Consumer, Non-cyclical",Medical Products,22.745
0773834D US,Clarus Therapeutics Inc,0,,,,0,0,,0, ,182717108,-59.4,, ,,Pharmaceuticals,"Consumer, Non-cyclical",Medical-Drugs,
ADG US,Aberdeen Global Diversified Fixed Income Fund Inc,0,,,,0,0,,0, ,N.A.,,,"25.00
 - 25.00
",,Closed-end Funds,Financial,Closed-end Funds,
CRBP US,Corbus Pharmaceuticals Holdings Inc,0,,,-43.6,25.26,0,,0,10/24/14,21833P301,-3.8,1.08E+07, ,,Pharmaceuticals,"Consumer, Non-cyclical",Medical-Drugs,88.587
1083701D US,Action Sports Media Inc/CA,0,,,,7.1264,0,,0, ,N.A.,,, ,,Commercial Services,"Consumer, Non-cyclical",Consulting Services,
1074952D US,OnCore Biopharma Inc,0,,,,0,0,,0, ,N.A.,,, ,,Biotechnology,"Consumer, Non-cyclical",Medical-Biomedical/Gene,